source,target,value
ALBUS,Harry,6
ALBUS,face,2
ALBUS DUMBLEDORE,Albus,3
ALBUS DUMBLEDORE,Elphias Doge,6
ALBUS DUMBLEDORE,Harry Potter,17
ALBUS DUMBLEDORE,Hermione,8
ALBUS DUMBLEDORE,fallen,4
ALBUS DUMBLEDORE,newspaper,4
ARIANA,Harry,2
ARIANA,Harry Potter,2
ARIANA,Muriel,3
ARTHUR WEASLEY,Mr. Weasley,4
Aberforth,Albus,78
Aberforth,Albus Dumbledore,12
Aberforth,Aragog,7
Aberforth,Ariana,11
Aberforth,Ariana Dumbledore,8
Aberforth,Bathilda,16
Aberforth,Dumbledore,14
Aberforth,Elphias Doge,3
Aberforth,Enid,3
Aberforth,George,8
Aberforth,Ginny,4
Aberforth,Godric,8
Aberforth,Harry,176
Aberforth,Harry Potter,47
Aberforth,Hermione,17
Aberforth,Ivor Dillonsby,4
Aberforth,Lee Jordan,4
Aberforth,Lucius,4
Aberforth,Mungo,4
Aberforth,Muriel,4
Aberforth,Percy,4
Aberforth,Rita,8
Aberforth,Ron,51
Aberforth,Snape,3
Aberforth,Voldemort,7
Aberforth,able,8
Aberforth,angry,4
Aberforth,brothers,8
Aberforth,clever,6
Aberforth,count,8
Aberforth,day,9
Aberforth,face,24
Aberforth,group,12
Aberforth,hope,8
Aberforth,magic,11
Aberforth,newspaper,4
Aberforth Dumbledore,Voldemort,4
Adalbert Waffling,Magic,3
Adalbert Waffling,Nicolas Flamel,4
Alastor Moody,Harry,4
Alastor Moody,iris,8
Albert,Harry,7
Albert,Harry Potter,6
Albert,Hermione,3
Albert,Mafalda,3
Albert,Ron,9
Albert,hall,9
Albus,Aberforth,79
Albus,Albus Dumbledore,3
Albus,Ariana,85
Albus,Ariana Dumbledore,6
Albus,Bathilda,9
Albus,Brian,4
Albus,Draco,4
Albus,Dumbledore,18
Albus,Gellert,12
Albus,Ginny,10
Albus,Godric,6
Albus,Hagrid,4
Albus,Harry,37
Albus,Harry Potter,65
Albus,James,16
Albus,Lily,9
Albus,Muriel,18
Albus,Nicolas Flamel,2
Albus,Percival,6
Albus,Phineas,4
Albus,Rita Skeeter,3
Albus,Ron,30
Albus,Rose,40
Albus,Snape,20
Albus,brothers,7
Albus,clever,6
Albus,day,23
Albus,face,38
Albus,rose,8
Albus,scarlet,4
Albus,trolley,3
Albus Dumbledore,ALBUS DUMBLEDORE,12
Albus Dumbledore,Aberforth,6
Albus Dumbledore,Albus,3
Albus Dumbledore,Ariana,3
Albus Dumbledore,Bathilda,16
Albus Dumbledore,Dumbledore,60
Albus Dumbledore,Elphias Doge,2
Albus Dumbledore,Gellert,8
Albus Dumbledore,Gellert Grindelwald,4
Albus Dumbledore,Harry,75
Albus Dumbledore,Harry Potter,13
Albus Dumbledore,Hermione,3
Albus Dumbledore,Kingsley,3
Albus Dumbledore,Lord,4
Albus Dumbledore,Lupin,3
Albus Dumbledore,Ron,8
Albus Dumbledore,Severus,8
Albus Dumbledore,brothers,4
Albus Dumbledore,day,5
Albus Dumbledore,face,3
Albus Dumbledore,handsome,3
Albus Dumbledore,magic,8
Alderton,Harry Potter,8
Alderton,Umbridge,3
Alecto,Amycus,11
Alecto,Carrow,8
Alecto,Goyle,4
Alecto,Harry,4
Alecto,Luna,15
Alecto,Mark,4
Alecto,McGonagall,22
Alecto,face,20
Alecto Carrow,Amycus,8
Alecto Carrow,Harry,20
Alecto Carrow,Hermione,4
Alecto Carrow,Voldemort,3
Alfred Cattermole,Ellie,3
Alfred Cattermole,Maisie,8
Alicia Spinnet,Angelina Johnson,12
Amycus,Alecto,22
Amycus,Alecto Carrow,3
Amycus,Carrow,1
Amycus,Crabbe,4
Amycus,Flitwick,5
Amycus,Harry,4
Amycus,Harry Potter,20
Amycus,Hermione,3
Amycus,Lord,3
Amycus,Luna,3
Amycus,Mark,4
Amycus,McGonagall,31
Amycus,Severus Snape,4
Amycus,Snape,4
Amycus,face,3
Ancient,Harry Potter,1
Ancient,Hermione,5
Andromeda,Bill,4
Andromeda,black,4
Andromeda,day,3
Angelina Johnson,Kingsley,6
Angelina Johnson,Lupin,3
Angry,face,5
Anthony Goldstein,Terry Boot,12
Antioch,Ignotus,4
Antioch,brothers,8
Apolline,Harry Potter,8
Apolline,lady,4
Aragog,Dumbledore,3
Aragog,Harry,23
Aragog,Ron,8
Arcturus,Harry,4
Arcturus,Regulus,8
Arcturus Black,Hermione,3
Arcturus Black,Percy Weasley,1
Arcturus Black,Regulus,2
Arcus,Livius,12
Ariana,Aberforth,72
Ariana,Albus,18
Ariana,Albus Dumbledore,4
Ariana,Bathilda,16
Ariana,Chief,4
Ariana,Dumbledore,23
Ariana,Elphias,4
Ariana,Godric,12
Ariana,Harry,99
Ariana,Harry Potter,20
Ariana,Hermione,20
Ariana,Mungo,20
Ariana,Muriel,68
Ariana,Neville,3
Ariana,Ron,2
Ariana,brothers,16
Ariana,count,12
Ariana,day,16
Ariana,face,8
Ariana,magic,12
Ariana,newspaper,4
Ariana Dumbledore,Albus,8
Ariana Dumbledore,Dumbledore,8
Ariana Dumbledore,Harry Potter,8
Arkie,Alderton,12
Armando Dippet,Harry,8
Armando Dippet,Ron,4
Arthur,Fred,10
Arthur,George,3
Arthur,Ginny,3
Arthur,Hagrid,14
Arthur,Harry,42
Arthur,Hermione,6
Arthur,Kingsley,6
Arthur,Lucius,4
Arthur,Lupin,3
Arthur,McGonagall,3
Arthur,Mr. Weasley,3
Arthur,Ron,27
Arthur,Ted,6
Arthur,Walden Macnair,4
Arthur,broom,3
Arthur Weasley,Draco,3
Arthur Weasley,Harry,7
Arthur Weasley,Harry Potter,3
Arthur Weasley,Kingsley,9
Arthur Weasley,Lucius,3
Arthur Weasley,Pius Thicknesse,6
Arthur Weasley,Ted,3
Avery,Evil,4
Avery,Harry,8
Avery,Harry Potter,8
Avery,Mary,3
Avery,evil,12
BANE,Hagrid,6
BANE,rose,4
BATHILDA,Harry,8
BROTHERS,Ron,6
BROTHERS,Xenophilius,3
Babbitty Rabbitty,Hermione,13
Ball,Mark,3
Ball,Snape,6
Bane,Harry,12
Barnabas Deverill,Godelot,3
Barnabas Deverill,Harry,6
Barnabus Finkley,Dumbledore,4
Barnabus Finkley,Elphias,4
Barnabus Finkley,Hermione,4
Barry,Godric,8
Barry,Harry,12
Barry,Muriel,16
Bathilda,Aberforth,3
Bathilda,Adalbert Waffling,6
Bathilda,Albus,29
Bathilda,Albus Dumbledore,27
Bathilda,Ariana,9
Bathilda,Bathilda Bagshot,3
Bathilda,Dumbledore,47
Bathilda,Gellert,4
Bathilda,Godric,15
Bathilda,Harry,237
Bathilda,Harry Potter,15
Bathilda,Hermione,26
Bathilda,Ivor Dillonsby,4
Bathilda,Lily,3
Bathilda,Muriel,4
Bathilda,Petunia,4
Bathilda,Rita,8
Bathilda,Rita Skeeter,32
Bathilda,angry,6
Bathilda,hall,3
Bathilda,magic,4
Bathilda Bagshot,Bathilda,8
Bathilda Bagshot,Cresswell,4
Bathilda Bagshot,Dumbledore,12
Bathilda Bagshot,Godric,39
Bathilda Bagshot,Harry,4
Bathilda Bagshot,Harry Potter,4
Bathilda Bagshot,Hermione,24
Bathilda Bagshot,Magic,28
Bathilda Bagshot,Muriel,24
Bathilda Bagshot,Sirius,4
Bathilda Bagshot,face,8
Bella,Bellatrix,6
Bella,Harry Potter,4
Bella,Hermione,3
Bella,Kreacher,8
Bella,Lucius,6
Bella,Merlin,6
Bella,Narcissa,3
Bellatrix,Bella,5
Bellatrix,Bill,16
Bellatrix,Dobby,23
Bellatrix,Draco,11
Bellatrix,Dumbledore,4
Bellatrix,Fleur,4
Bellatrix,Gringotts,20
Bellatrix,Griphook,72
Bellatrix,HERMIONE,8
Bellatrix,Hagrid,17
Bellatrix,Harry,247
Bellatrix,Harry Potter,37
Bellatrix,Hermione,32
Bellatrix,Kingsley,20
Bellatrix,Lord,12
Bellatrix,Lucius,35
Bellatrix,Luna,8
Bellatrix,Malfoy,20
Bellatrix,Mark,4
Bellatrix,McGonagall,3
Bellatrix,Molly,6
Bellatrix,Muriel,3
Bellatrix,Narcissa,17
Bellatrix,Neville Longbottom,8
Bellatrix,Remus,3
Bellatrix,Ron,28
Bellatrix,Sirius,4
Bellatrix,Travers,36
Bellatrix,Voldemort,25
Bellatrix,black,8
Bellatrix,face,47
Bellatrix,handsome,12
Bellatrix,scarlet,8
Bellatrix Lestrange,Dumbledore,4
Bellatrix Lestrange,Griphook,8
Bellatrix Lestrange,Harry Potter,3
Bellatrix Lestrange,Hermione,15
Bellatrix Lestrange,Ron,6
Bellatrix Lestrange,face,8
Bernie,Bletchley,4
Bernie,Harry,4
Bernie,Ron,4
Betty,Dumbledore,8
Betty Braithwaite,Rita Skeeter,12
Bilius,Grim,4
Bilius,Hermione,4
Bilius,Percival,4
Bilius,Ron,4
Bilius,Uncle,4
Bilius,hope,4
Bill,Arthur,6
Bill,Bellatrix,3
Bill,Dawn,3
Bill,Dirk,4
Bill,Dobby,40
Bill,Dumbledore,4
Bill,Fleur,105
Bill,Fred,54
Bill,GRINGOTTS,4
Bill,George,14
Bill,Ginny,7
Bill,Gringotts,14
Bill,Griphook,90
Bill,Hagrid,10
Bill,Harry,235
Bill,Harry Potter,39
Bill,Hermione,33
Bill,John,4
Bill,Kingsley,10
Bill,Luna,29
Bill,Lupin,51
Bill,Magic,11
Bill,Mr. Weasley,16
Bill,Mundungus,6
Bill,Muriel,6
Bill,Nymphadora Tonks,4
Bill,Percy,16
Bill,Perkins,4
Bill,Remus Lupin,4
Bill,Ron,108
Bill,Sirius Black,3
Bill,Snape,8
Bill,Teddy,3
Bill,Voldemort,9
Bill,Xenophilius,7
Bill,able,6
Bill,black,17
Bill,face,22
Bill,fallen,4
Bill,hall,6
Bill,hope,8
Bill,magic,6
Bill,rose,12
Black,Dumbledore,4
Black,Harry,6
Black,Harry Potter,13
Black,Hermione,18
Black,Kreacher,16
Black,Lord,12
Black,Phineas,20
Black,Regulus,27
Black,Remus,12
Black,Ron,6
Black,Severus Snape,4
Black,Sirius,4
Black,black,3
Black,face,6
Black,fluffy,3
Black,newspaper,3
Bletchley,Ron,9
Bloody Baron,Lady,3
Bogrod,Bellatrix,3
Bogrod,Griphook,35
Bogrod,Harry,13
Bogrod,Harry Potter,20
Bogrod,Hermione,14
Bogrod,Lestrange,7
Bogrod,Ron,13
Bogrod,Travers,20
Bogrod,face,7
Bogrod,heady,4
Borgin,Harry,12
Borgin,Ron,20
Borgin,Voldemort,12
Bowman Wright,Godric,5
Bowman Wright,Hermione,3
Brian,Albus,3
Brian,Bilius,3
Brian,Dumbledore,3
Brothers,Harry,2
Brothers,Hermione,13
Brothers,Mr. Potter,9
Brothers,Xenophilius,4
Buckbeak,Hannah Abbott,4
Buckbeak,Harry,8
CEDRIC DIGGORY,Harry,3
CEDRIC DIGGORY,Sirius,3
Cadmus,Antioch,8
Cadmus,Harry Potter,3
Cadogan,Fang,4
Cadogan,Harry,8
Carrow,Amycus,4
Carrow,Hall,3
Carrow,Harry,25
Carrow,Harry Potter,4
Carrow,McGonagall,6
Carrow,Neville,8
Carrow,able,4
Catchpole,Bowman Wright,3
Catchpole,Fred,12
Catchpole,Godric,2
Catchpole,Godric Gryffindor,3
Catchpole,Harry Potter,4
Catchpole,Luna,3
Cedric,Harry,3
Cedric,Hermione,15
Celestina Warbeck,Hermione,3
Celestina Warbeck,Ron,6
Charity,Draco,4
Charity,Snape,1
Charity,Voldemort,9
Charity Burbage,Elphias Doge,3
Charity Burbage,Harry,6
Charity Burbage,Snape,12
Charity Burbage,Voldemort,3
Charlie,Bill,24
Charlie,Fred,20
Charlie,Ginny,8
Charlie,Hagrid,6
Charlie,Hannah Abbott,8
Charlie,Harry Potter,7
Charlie,Hermione,18
Charlie,Magorian,4
Charlie,Norberta,6
Charlie,Ron,3
Chief,Dumbledore,12
Chief,Fred,8
Chief,Lee,8
Chief,Ron,7
Cho,Harry,24
Cho,Hermione,4
Cho,Luna,12
Cho,Padma,6
Cho Chang,Lee Jordan,3
Cho Chang,Michael,6
Colin,Oliver Wood,12
Colin Creevey,Crabbe,8
Colin Creevey,Goyle,4
Colin Creevey,Voldemort,12
Crabbe,Alecto,6
Crabbe,Colin,3
Crabbe,Draco,3
Crabbe,Goyle,33
Crabbe,Harry,30
Crabbe,Hermione,9
Crabbe,Lord,18
Crabbe,Malfoy,90
Crabbe,Petunia,4
Crabbe,Ron,18
Crabbe,Voldemort,3
Crabbe,face,9
Crabbe,scarlet,12
Cresswell,Dean Thomas,4
Cresswell,Gornuk,4
Cresswell,Hermione,3
Cresswell,Magic,8
Crookshanks,Hermione,16
Crookshanks,Ron,8
Crookshanks,face,12
DOBBY,Harry,12
DOBBY,Hermione,3
DOLORES UMBRIDGE,Harry,3
DOLORES UMBRIDGE,Harry Potter,8
DUMBLEDORE,ALBUS,6
DUMBLEDORE,ARIANA,9
DUMBLEDORE,Dumbledore,8
DUMBLEDORE,Harry,4
DUMBLEDORE,Harry Potter,4
Dawn,Dobby,9
Dawn,Hermione,3
Dawn,Lupin,4
Dawn,Ron,3
Day,Harry,6
Day,Harry Potter,4
Dean,Bathilda Bagshot,3
Dean,Bellatrix,7
Dean,Bill,12
Dean,Dean Thomas,7
Dean,Dirk,9
Dean,Dobby,15
Dean,Draco Malfoy,6
Dean,Dumbledore,2
Dean,Forest,6
Dean,Fred,3
Dean,Ginny,11
Dean,Griphook,22
Dean,HERMIONE,3
Dean,Harry,19
Dean,Harry Potter,42
Dean,Hermione,86
Dean,Lucius Malfoy,3
Dean,Luna,21
Dean,Parvati,9
Dean,Phineas,4
Dean,Ron,6
Dean,Scabior,12
Dean,Seamus,15
Dean,Ted,15
Dean,Voldemort,7
Dean,bloody,9
Dean,day,3
Dean,face,2
Dean,hope,4
Dean Thomas,Cresswell,3
Dean Thomas,Dean,4
Dean Thomas,Gornuk,4
Dean Thomas,Hermione,4
Dean Thomas,Ron,8
Dedalus,Dudley,4
Dedalus,Harry,58
Dedalus,Harry Potter,8
Dedalus,Hestia,18
Dedalus,Petunia,12
Dedalus,Pius Thicknesse,12
Dedalus,Vernon,7
Dedalus,Vernon Dursley,4
Dedalus,miles,4
Dedalus Diggle,Harry,14
Dedalus Diggle,Kingsley,4
Dedalus Diggle,Vernon,4
Dexter,Dilys Derwent,12
Dilys Derwent,Harry,3
Dilys Derwent,Phineas,8
Dirk,Bathilda Bagshot,4
Dirk,Bill,4
Dirk,Dean,28
Dirk,Gornuk,8
Dirk,Gringotts,4
Dirk,Harry,16
Dirk,Harry Potter,24
Dirk,Ron,8
Dirk,Snape,20
Dirk,Ted,25
Dirk,broom,8
Dirk,face,5
Dirk Cresswell,Albert,8
Dirk Cresswell,Harry,6
Dirk Cresswell,Hermione,8
Dirk Cresswell,Mr. Weasley,8
Dirk Cresswell,Runcorn,16
Dirk Cresswell,Ted,6
Dobby,Aberforth,4
Dobby,Albus Dumbledore,8
Dobby,Bellatrix,8
Dobby,DOBBY,3
Dobby,Harry,182
Dobby,Harry Potter,21
Dobby,Hermione,24
Dobby,Luna,49
Dobby,Magic,8
Dobby,Narcissa,4
Dobby,Ron,60
Dobby,Voldemort,12
Dobby,ball,8
Dobby,dawn,4
Dobby,face,4
Dobby,hope,4
Dolores,Harry,4
Dolores,Harry Potter,4
Dolores,Ron,4
Dolores,Umbridge,9
Dolores Umbridge,Harry Potter,4
Dolores Umbridge,Hermione,6
Dolores Umbridge,hall,9
Dora,Bill,12
Dora,Fleur,8
Dora,Ted,24
Dora,black,4
Draco,Arthur Weasley,12
Draco,Bellatrix,37
Draco,Crabbe,16
Draco,Dobby,6
Draco,Draco Malfoy,8
Draco,Dumbledore,14
Draco,Fleur,3
Draco,Harry,43
Draco,Harry Potter,61
Draco,Hermione,10
Draco,Lord,9
Draco,Lucius,24
Draco,Lucius Malfoy,6
Draco,Malfoy,24
Draco,Malkin,8
Draco,Nagini,4
Draco,Narcissa,9
Draco,Ron,18
Draco,Rosie,3
Draco,Scorpius,6
Draco,Severus,3
Draco,Snape,16
Draco,Travers,4
Draco,Voldemort,42
Draco,black,15
Draco,face,29
Draco,hall,3
Draco,hope,16
Draco Malfoy,Albus,3
Draco Malfoy,Draco,8
Draco Malfoy,Harry,25
Draco Malfoy,Harry Potter,3
Draco Malfoy,Hermione,12
Draco Malfoy,Stunned,4
Draco Malfoy,Voldemort,3
Dragomir,Harry Potter,4
Dragomir,Hermione,3
Dragomir,Ron,14
Dragomir Gorgovitch,Harry,4
Dudley,Dedalus,3
Dudley,Dumbledore,11
Dudley,Harry,229
Dudley,Harry Potter,8
Dudley,Hedwig,4
Dudley,Hestia,4
Dudley,Petunia,40
Dudley,Ron,16
Dudley,Scabior,4
Dudley,Uncle,4
Dudley,Vernon,68
Dudley,Vernon Dursley,8
Dudley,clever,1
Dudley,face,8
Dudley,hall,4
Dudley,scarlet,8
Dumbledore,Aberforth,49
Dumbledore,Albus,90
Dumbledore,Albus Dumbledore,18
Dumbledore,Ariana,66
Dumbledore,Arthur,4
Dumbledore,Arthur Weasley,8
Dumbledore,BATHILDA,6
Dumbledore,Ball,12
Dumbledore,Barnabus Finkley,3
Dumbledore,Bathilda,18
Dumbledore,Bathilda Bagshot,15
Dumbledore,Bellatrix,3
Dumbledore,Betty,6
Dumbledore,Betty Braithwaite,9
Dumbledore,Bill,19
Dumbledore,Borgin,10
Dumbledore,Brian,8
Dumbledore,Charlie,4
Dumbledore,Chief,6
Dumbledore,Crookshanks,6
Dumbledore,DUMBLEDORE,3
Dumbledore,Dean,8
Dumbledore,Dirk,12
Dumbledore,Dobby,24
Dumbledore,Draco,23
Dumbledore,Dudley,6
Dumbledore,Elphias,8
Dumbledore,Elphias Doge,10
Dumbledore,Enid,3
Dumbledore,Enid Smeek,3
Dumbledore,Fenrir Greyback,3
Dumbledore,Fleur Delacour,3
Dumbledore,Flitwick,16
Dumbledore,Forest,6
Dumbledore,Fred,17
Dumbledore,Gellert Grindelwald,24
Dumbledore,Ginny,18
Dumbledore,Godric,91
Dumbledore,Godric Gryffindor,4
Dumbledore,Griphook,4
Dumbledore,Hagrid,10
Dumbledore,Hall,4
Dumbledore,Harry,582
Dumbledore,Harry Potter,679
Dumbledore,Hedwig,8
Dumbledore,Helena Ravenclaw,3
Dumbledore,Hermione,345
Dumbledore,Ignotus,12
Dumbledore,Igor Karkaroff,8
Dumbledore,Ivor Dillonsby,6
Dumbledore,James,17
Dumbledore,Kingsley,6
Dumbledore,Kreacher,12
Dumbledore,Lily,45
Dumbledore,Lord,9
Dumbledore,Lucius,3
Dumbledore,Lupin,31
Dumbledore,Magic,12
Dumbledore,Malfoy,7
Dumbledore,Mark,3
Dumbledore,Marvolo,3
Dumbledore,Marvolo Gaunt,9
Dumbledore,McGonagall,8
Dumbledore,Merlin,6
Dumbledore,Miss Granger,3
Dumbledore,Mr. Potter,6
Dumbledore,Mr. Weasley,8
Dumbledore,Mundungus,4
Dumbledore,Muriel,30
Dumbledore,Neville,25
Dumbledore,Nicolas,8
Dumbledore,Peeves,6
Dumbledore,Percival,8
Dumbledore,Petunia,4
Dumbledore,Phineas,35
Dumbledore,Phineas Nigellus Black,12
Dumbledore,Quirrell,3
Dumbledore,Rita,100
Dumbledore,Rita Skeeter,38
Dumbledore,Roger,8
Dumbledore,Roger Davies,4
Dumbledore,Ron,163
Dumbledore,Severus,19
Dumbledore,Severus Snape,15
Dumbledore,Sirius,15
Dumbledore,Slughorn,9
Dumbledore,Snape,426
Dumbledore,Stunned,9
Dumbledore,Tall,3
Dumbledore,Trelawney,2
Dumbledore,Umbridge,3
Dumbledore,Vernon,6
Dumbledore,Voldemort,145
Dumbledore,Xenophilius,14
Dumbledore,Zacharias Smith,7
Dumbledore,able,32
Dumbledore,angry,7
Dumbledore,ball,11
Dumbledore,black,17
Dumbledore,brothers,4
Dumbledore,clever,6
Dumbledore,count,3
Dumbledore,dawn,3
Dumbledore,day,6
Dumbledore,evil,19
Dumbledore,face,86
Dumbledore,forest,11
Dumbledore,glossy,4
Dumbledore,hall,3
Dumbledore,holly,7
Dumbledore,hope,20
Dumbledore,lady,8
Dumbledore,magic,54
Dumbledore,mark,15
Dumbledore,mercy,13
Dumbledore,newspaper,2
Dumbledore,nick,3
Dumbledore,rose,21
Dumbledore,uncle,9
Elizabeth,Mary,6
Elizabeth,Reginald Cattermole,3
Ellie,Alfred Cattermole,8
Ellie,Maisie,4
Elphias,Albus,12
Elphias,Barnabus Finkley,4
Elphias,Dumbledore,14
Elphias,Harry Potter,12
Elphias,Muriel,29
Elphias,Rita,4
Elphias,Rita Skeeter,6
Elphias,angry,8
Elphias,day,6
Elphias Doge,Albus Dumbledore,9
Elphias Doge,Dumbledore,6
Elphias Doge,Harry,4
Elphias Doge,Hermione,12
Elphias Doge,aged,4
Elphias Doge,day,12
Elphias Doge,uncle,4
Emeric,Barnabas Deverill,4
Emeric,Godelot,3
Emeric,Harry,4
Enid,Aberforth,8
Enid,Godric,4
Enid Smeek,Bathilda,12
Evil,Avery,8
Evil,Emeric,4
Evil,Harry,4
Evil,Loxias,4
Evil,Xenophilius,4
FALLEN,Hagrid,7
FOREST,Harry,12
Fabian,Harry,3
Fabian,Ron,6
Fabian Prewett,Harry,8
Fabian Prewett,Neville,4
Face,Harry,12
Fang,Ginny,4
Fang,Hagrid,26
Fang,Harry,4
Fang,Hermione,16
Fang,forest,7
Fawkes,Dumbledore,8
Fawkes,Severus,4
Fawkes,Snape,3
Fenrir,Harry,16
Fenrir,group,3
Fenrir Greyback,Bill,12
Fenrir Greyback,Harry,3
Fenrir Greyback,Harry Potter,6
Fenrir Greyback,Ron,4
Fenrir Greyback,Slughorn,8
Fenrir Greyback,Walden Macnair,4
Fenrir Greyback,hall,4
Filius,McGonagall,11
Firenze,Colin Creevey,8
Firenze,Fred,6
Firenze,Hermione,2
Firenze,McGonagall,7
Firenze,group,3
Fleur,Arthur,8
Fleur,Bill,199
Fleur,Celestina Warbeck,8
Fleur,Dean,78
Fleur,Dora,3
Fleur,Dumbledore,8
Fleur,Fenrir Greyback,3
Fleur,Fred,4
Fleur,George,20
Fleur,Ginny,104
Fleur,Griphook,27
Fleur,Hall,4
Fleur,Harry,26
Fleur,Harry Potter,171
Fleur,Hermione,122
Fleur,Luna,9
Fleur,Lupin,36
Fleur,Mr. Weasley,19
Fleur,Mundungus,8
Fleur,Muriel,18
Fleur,Narcissa,12
Fleur,Odo,12
Fleur,Oliver Wood,12
Fleur,Ron,15
Fleur,Teddy,12
Fleur,Voldemort,3
Fleur,Xenophilius,10
Fleur,angry,4
Fleur,black,13
Fleur,butterbeer,8
Fleur,day,9
Fleur,face,3
Fleur,hope,4
Fleur Delacour,Dumbledore,4
Fleur Delacour,Roger Davies,8
Flitwick,Amycus,4
Flitwick,Carrow,7
Flitwick,Cho,8
Flitwick,Dumbledore,20
Flitwick,George,12
Flitwick,Harry,38
Flitwick,Harry Potter,4
Flitwick,Hermione,3
Flitwick,Kingsley,6
Flitwick,Luna,12
Flitwick,Lupin,3
Flitwick,McGonagall,50
Flitwick,Mr. Weasley,4
Flitwick,Pomona,4
Flitwick,Ron,2
Flitwick,Slughorn,12
Flitwick,Snape,4
Flitwick,Voldemort,16
Flitwick,able,4
Flitwick,newspaper,4
Forbidden,Black,4
Forbidden,Dumbledore,8
Forbidden,Forest,33
Forbidden,Hagrid,6
Forbidden,Harry,8
Forbidden,Harry Potter,11
Forbidden,Hermione,5
Forbidden,Severus,4
Forbidden,dawn,3
Forbidden,face,6
Forbidden,forest,8
Forest,Dean,16
Forest,Forbidden,47
Forest,Fred,8
Forest,Hagrid,16
Forest,Harry,8
Forest,Ron,8
Forest,Snape,26
Forest,face,8
Fred,Aberforth,4
Fred,Aberforth Dumbledore,3
Fred,Bilius,3
Fred,Bill,62
Fred,Charlie,12
Fred,Chief,9
Fred,Dumbledore,7
Fred,Fleur,14
Fred,George,69
Fred,Ginny,13
Fred,Hagrid,95
Fred,Hall,8
Fred,Hannah Abbott,12
Fred,Harry,125
Fred,Harry Potter,34
Fred,Hermione,24
Fred,Kingsley,3
Fred,Lee,3
Fred,Lee Jordan,3
Fred,Luna,9
Fred,Lupin,10
Fred,McGonagall,3
Fred,Mr. Weasley,20
Fred,Muriel,14
Fred,Percy,15
Fred,Ron,193
Fred,Severus Snape,6
Fred,Snape,4
Fred,Voldemort,3
Fred,ancient,4
Fred,bald,4
Fred,dawn,6
Fred,day,3
Fred,face,35
Fred,fallen,9
Fred,magic,4
Fred Weasley,Harry,12
GODRIC,Hermione,4
GODRIC,Ron,3
GODRIC,day,3
GRINGOTTS,Harry,4
GRINGOTTS,Harry Potter,4
GRINGOTTS,Teddy,4
Gabrielle,Charlie,9
Gabrielle,Dumbledore,8
Gabrielle,Fenrir Greyback,3
Gabrielle,Fred,3
Gabrielle,Harry,24
Gabrielle,Hermione,6
Gabrielle,Mr. Weasley,4
Gabrielle,Ron,3
Gellert,Aberforth,3
Gellert,Albus,6
Gellert,Albus Dumbledore,6
Gellert,Ariana,3
Gellert,Ariana Dumbledore,3
Gellert,Bathilda,8
Gellert,day,6
Gellert Grindelwald,Albus Dumbledore,3
Gellert Grindelwald,Ariana,3
Gellert Grindelwald,Dumbledore,10
Gellert Grindelwald,Godric,6
Gellert Grindelwald,Harry,6
Gellert Grindelwald,Harry Potter,8
Gellert Grindelwald,Hermione,10
Gellert Grindelwald,Lily,3
Gellert Grindelwald,Snape,8
George,Aberforth,3
George,Arthur,8
George,Bill,17
George,Catchpole,6
George,Charlie,6
George,Chief,8
George,Crabbe,4
George,Dumbledore,7
George,Fenrir Greyback,3
George,Fleur,12
George,Fred,198
George,Gabrielle,8
George,Ginny,19
George,Grim,3
George,Hagrid,9
George,Harry,37
George,Harry Potter,44
George,Hermione,7
George,Kingsley,4
George,Lavender,8
George,Luna,3
George,Lupin,94
George,Magic,15
George,Michael,3
George,Mr. Weasley,39
George,Mundungus,57
George,Percy,28
George,Perkins,12
George,Remus,11
George,Ron,12
George,Sirius,4
George,Snape,8
George,able,8
George,day,3
George,scarlet,8
George,uncle,8
George Weasley,Dumbledore,12
Ginny,Aberforth,12
Ginny,Albus,32
Ginny,Arthur,3
Ginny,Bill,11
Ginny,Black,4
Ginny,Dumbledore,22
Ginny,Fleur,11
Ginny,Forbidden,7
Ginny,Forest,2
Ginny,Fred,9
Ginny,Gabrielle,9
Ginny,George,47
Ginny,Gwenog Jones,3
Ginny,Hagrid,9
Ginny,Hall,3
Ginny,Harry,121
Ginny,Harry Potter,138
Ginny,Hermione,239
Ginny,James,22
Ginny,Kingsley,6
Ginny,Lee Jordan,12
Ginny,Lily,3
Ginny,Luna,10
Ginny,Lupin,15
Ginny,Magic,3
Ginny,Michael,6
Ginny,Michael Corner,6
Ginny,Mr. Weasley,12
Ginny,Mundungus,8
Ginny,Muriel,9
Ginny,Neville,6
Ginny,Percy,4
Ginny,Phineas,12
Ginny,Ron,70
Ginny,Rose,3
Ginny,Severus,12
Ginny,Slughorn,3
Ginny,Snape,17
Ginny,Ted,3
Ginny,Teddy,4
Ginny,Vernon,4
Ginny,Voldemort,14
Ginny,Xenophilius,6
Ginny,ancient,3
Ginny,angry,6
Ginny,ball,9
Ginny,brothers,9
Ginny,day,9
Ginny,face,12
Ginny,forest,8
Ginny,group,14
Ginny,hope,4
Ginny,magic,3
Ginny,rose,12
Ginny,scarlet,4
Ginny,tall,8
Ginny,trolley,3
Gloomy,Hermione,6
Gloomy,Ron,2
Godelot,Hereward,12
Godric,Albus,3
Godric,Albus Dumbledore,12
Godric,Ariana,6
Godric,Ariana Dumbledore,4
Godric,Barry,4
Godric,Bathilda,27
Godric,Bathilda Bagshot,4
Godric,Dumbledore,20
Godric,Enid,3
Godric,Gellert Grindelwald,8
Godric,Godric Gryffindor,23
Godric,Hagrid,4
Godric,Harry,137
Godric,Harry Potter,12
Godric,Hermione,38
Godric,Ignotus,12
Godric,Ignotus Peverell,12
Godric,Ivor Dillonsby,4
Godric,Magic,4
Godric,Muriel,12
Godric,Percival,8
Godric,Rita Skeeter,8
Godric,Ron,57
Godric,Sirius,6
Godric,Voldemort,33
Godric,ancient,7
Godric,day,8
Godric,face,18
Godric,forest,1
Godric,magic,4
Godric,mark,16
Godric Gryffindor,Bowman Wright,3
Godric Gryffindor,Catchpole,3
Godric Gryffindor,Dumbledore,10
Godric Gryffindor,Griphook,2
Godric Gryffindor,Harry,31
Godric Gryffindor,Harry Potter,8
Godric Gryffindor,Ragnuk,3
Godric Gryffindor,Ron,18
Godric Gryffindor,black,4
Gornuk,Dean,16
Gornuk,Dirk,12
Gornuk,Gringotts,4
Gornuk,Griphook,38
Gornuk,Harry,5
Gornuk,Ron,4
Goyle,Amycus,4
Goyle,Crabbe,4
Goyle,Fred,12
Goyle,Harry,64
Goyle,Hermione,3
Goyle,Malfoy,15
Goyle,Neville,4
Goyle,Ron,40
Goyle,able,8
Goyle,broom,32
Goyle,face,3
Goyle,fiery,12
Goyle,gormless,4
Grawp,Buckbeak,4
Grawp,Dudley,8
Grawp,Fred,4
Grawp,Hagrid,4
Grawp,Harry,24
Grawp,Kingsley,4
Grawp,Luna,4
Grawp,Ron,16
Grawp,Seamus,4
Grawp,Voldemort,8
Grawp,able,4
Grawp,dawn,4
Grawp,face,4
Grawp,hall,3
Grim,George,4
Grim,Uncle,8
Gringotts,Bellatrix,17
Gringotts,Bill,24
Gringotts,Bogrod,12
Gringotts,Carrow,3
Gringotts,Dean,4
Gringotts,Dirk,3
Gringotts,Draco Malfoy,4
Gringotts,Godric,3
Gringotts,Gornuk,3
Gringotts,Griphook,20
Gringotts,Harry,75
Gringotts,Harry Potter,37
Gringotts,Hermione,26
Gringotts,Lestrange,4
Gringotts,Neville,6
Gringotts,Ron,22
Gringotts,Snape,9
Gringotts,Ted,9
Gringotts,Travers,20
Gringotts,Voldemort,6
Gringotts,day,3
Gringotts,hall,3
Gringotts,heady,4
Gringotts,rob,3
Griphook,Bellatrix,22
Griphook,Bellatrix Lestrange,3
Griphook,Bill,72
Griphook,Bogrod,14
Griphook,Dean,8
Griphook,Dirk,27
Griphook,Dobby,43
Griphook,Draco,4
Griphook,Fleur,11
Griphook,Gabrielle,3
Griphook,Ginny,4
Griphook,Godric Gryffindor,2
Griphook,Gornuk,9
Griphook,Gringotts,39
Griphook,Harry,281
Griphook,Harry Potter,67
Griphook,Hepzibah Smith,4
Griphook,Hermione,85
Griphook,Lord,6
Griphook,Luna,8
Griphook,Lupin,3
Griphook,Malfoy,3
Griphook,Muriel,2
Griphook,Ron,178
Griphook,Snape,4
Griphook,Ted,18
Griphook,Tom,4
Griphook,Travers,3
Griphook,Voldemort,3
Griphook,ancient,3
Griphook,black,20
Griphook,bloody,6
Griphook,chambers,8
Griphook,day,7
Griphook,face,28
Griphook,fallen,6
Griphook,fiery,20
Griphook,hope,4
Griphook,rancorous,6
Gwenog Jones,Ron,8
HAGRID,Hagrid,3
HAGRID,Harry,23
HAGRID,Harry Potter,4
HAGRID,hall,3
HARRY,Bellatrix,3
HARRY,Ginny,4
HARRY,Grawp,3
HARRY,Hagrid,9
HARRY,Harry,18
HARRY,Harry Potter,28
HARRY,Hermione,18
HARRY,Ron,15
HARRY,Voldemort,12
HARRY,fallen,3
HARRY,rose,4
HEDWIG,Harry,7
HEDWIG,Hedwig,4
HERMIONE,Bellatrix,7
HERMIONE,Gringotts,8
HERMIONE,Harry,4
HERMIONE,Harry Potter,12
HERMIONE,Hermione,9
HERMIONE,Luna,3
HERMIONE,Ron,15
Hagrid,Aberforth,4
Hagrid,Bill,4
Hagrid,Buckbeak,4
Hagrid,Cadogan,4
Hagrid,Charlie,11
Hagrid,Dora,2
Hagrid,Dudley,12
Hagrid,Face,8
Hagrid,Fang,6
Hagrid,Fleur,24
Hagrid,George,8
Hagrid,Ginny,4
Hagrid,Grawp,8
Hagrid,HAGRID,16
Hagrid,HARRY,16
Hagrid,HEDWIG,3
Hagrid,Harry,668
Hagrid,Harry Potter,33
Hagrid,Hedwig,12
Hagrid,Hermione,84
Hagrid,Kingsley,4
Hagrid,Lucius Malfoy,4
Hagrid,Luna,30
Hagrid,Lupin,24
Hagrid,Magic,5
Hagrid,McGonagall,4
Hagrid,Molly,8
Hagrid,Mr. Weasley,7
Hagrid,Mundungus Fletcher,9
Hagrid,Nymphadora,12
Hagrid,Peeves,4
Hagrid,Pius,4
Hagrid,Remus,16
Hagrid,Ron,133
Hagrid,Rubeus Hagrid,8
Hagrid,Sirius,4
Hagrid,Ted,23
Hagrid,Voldemort,92
Hagrid,able,4
Hagrid,black,8
Hagrid,count,3
Hagrid,day,37
Hagrid,face,71
Hagrid,hall,8
Hagrid,kit,10
Hagrid,scarlet,4
Hall,Draco,4
Hall,Dumbledore,8
Hall,Filius,11
Hall,Firenze,20
Hall,Flitwick,5
Hall,Fred,7
Hall,George,12
Hall,Ginny,23
Hall,Harry,26
Hall,Harry Potter,79
Hall,Hermione,45
Hall,Lucius Malfoy,12
Hall,Luna,6
Hall,McGonagall,21
Hall,Minerva,3
Hall,Neville,16
Hall,Peeves,2
Hall,Ron,3
Hall,Snape,8
Hall,Terry Boot,4
Hall,Voldemort,47
Hall,Walden Macnair,3
Hall,hall,17
Hannah,Hermione,9
Hannah Abbott,Cadogan,4
Hannah Abbott,Harry,12
Hannah Abbott,hall,8
Harry,ALBUS DUMBLEDORE,29
Harry,ARTHUR WEASLEY,4
Harry,Aberforth,68
Harry,Alastor Moody,3
Harry,Albert,8
Harry,Albus,115
Harry,Albus Dumbledore,29
Harry,Alecto Carrow,3
Harry,Amycus,34
Harry,Ancient,6
Harry,Angry,2
Harry,Aragog,15
Harry,Arcturus Black,4
Harry,Ariana,23
Harry,Arthur,36
Harry,Arthur Weasley,12
Harry,BANE,12
Harry,Babbitty Rabbitty,14
Harry,Barnabus Finkley,3
Harry,Bathilda,27
Harry,Bathilda Bagshot,29
Harry,Bellatrix,61
Harry,Bellatrix Lestrange,23
Harry,Bilius,4
Harry,Bill,208
Harry,Black,23
Harry,Bogrod,23
Harry,Borgin,6
Harry,Brothers,8
Harry,CEDRIC DIGGORY,4
Harry,Cadogan,4
Harry,Carrow,11
Harry,Catchpole,4
Harry,Cedric,8
Harry,Charity Burbage,4
Harry,Charlie,12
Harry,Cho,9
Harry,Cho Chang,12
Harry,Colin Creevey,8
Harry,Crabbe,36
Harry,Crookshanks,6
Harry,DOLORES UMBRIDGE,12
Harry,DUMBLEDORE,13
Harry,Dawn,4
Harry,Dean,158
Harry,Dean Thomas,4
Harry,Dedalus,22
Harry,Dedalus Diggle,4
Harry,Dirk,14
Harry,Dirk Cresswell,44
Harry,Dobby,57
Harry,Dolores Umbridge,12
Harry,Dora,8
Harry,Draco,107
Harry,Draco Malfoy,17
Harry,Dudley,66
Harry,Dumbledore,2136
Harry,Elphias,23
Harry,Elphias Doge,4
Harry,Face,3
Harry,Fang,34
Harry,Fenrir,8
Harry,Firenze,4
Harry,Fleur,465
Harry,Flitwick,43
Harry,Forbidden,7
Harry,Forest,17
Harry,Fred,90
Harry,Fred Weasley,3
Harry,Gellert Grindelwald,16
Harry,George,108
Harry,Ginny,481
Harry,Gloomy,6
Harry,Godric,98
Harry,Godric Gryffindor,7
Harry,Gornuk,8
Harry,Goyle,12
Harry,Grawp,6
Harry,Gringotts,56
Harry,Griphook,407
Harry,HAGRID,6
Harry,HARRY,92
Harry,HERMIONE,30
Harry,Hagrid,278
Harry,Hall,254
Harry,Hannah,8
Harry,Harry Potter,4408
Harry,Hedwig,93
Harry,Hermione,2742
Harry,Hestia,44
Harry,Hestia Jones,24
Harry,Holly,7
Harry,Horace,8
Harry,Ice,12
Harry,Ignotus Peverell,12
Harry,JAMES POTTER,4
Harry,James,71
Harry,James Potter,22
Harry,KREACHER,2
Harry,Kingsley,117
Harry,Kreacher,391
Harry,LILY,4
Harry,Lady,5
Harry,Lee,21
Harry,Lestrange,22
Harry,Lily,56
Harry,Lord,46
Harry,Lucius,15
Harry,Lucius Malfoy,32
Harry,Luna,173
Harry,Lupin,249
Harry,MAGIC,3
Harry,Mafalda,12
Harry,Mafalda Hopkirk,8
Harry,Magic,55
Harry,Malfoy,92
Harry,Malkin,4
Harry,Mark,8
Harry,Marvolo Gaunt,9
Harry,Mary,2
Harry,McGonagall,57
Harry,Merlin,9
Harry,Michael Corner,15
Harry,Minerva,6
Harry,Miss Granger,11
Harry,Molly,6
Harry,Mr. Potter,6
Harry,Mr. Weasley,111
Harry,Mundungus,80
Harry,Mungo,3
Harry,Muriel,78
Harry,Nagini,45
Harry,Narcissa Malfoy,12
Harry,Neville,404
Harry,Nick,18
Harry,Pansy,6
Harry,Pansy Parkinson,3
Harry,Parkinson,4
Harry,Peeves,27
Harry,Percival,12
Harry,Percy,136
Harry,Perkins,8
Harry,Peter Pettigrew,8
Harry,Petunia,16
Harry,Phineas,90
Harry,Pigwidgeon,17
Harry,RON,3
Harry,Regulus,34
Harry,Remus,15
Harry,Rita,24
Harry,Rita Skeeter,48
Harry,Rodolphus,3
Harry,Ron,974
Harry,Rowena,16
Harry,Rufus Scrimgeour,5
Harry,Runcorn,98
Harry,SEVERUS SNAPE,4
Harry,SIRIUS,8
Harry,Scabior,42
Harry,Seamus,14
Harry,Seamus Finnigan,3
Harry,Selwyn,8
Harry,Severus,10
Harry,Severus Snape,14
Harry,Sirius,125
Harry,Slughorn,6
Harry,Snape,345
Harry,Stanley Shunpike,8
Harry,Stunned,18
Harry,Ted,29
Harry,Teddy,24
Harry,Thorfinn,3
Harry,Tom,25
Harry,Tom Riddle,19
Harry,Travers,52
Harry,Umbridge,86
Harry,Uncle,230
Harry,Vernon,15
Harry,Vernon Dursley,40
Harry,Viktor,8
Harry,Voldemort,661
Harry,Wakanda,4
Harry,Xenophilius,327
Harry,Zacharias Smith,4
Harry,able,257
Harry,aged,6
Harry,albino peacock,12
Harry,ancient,2
Harry,angry,50
Harry,badger,9
Harry,badgered,11
Harry,bald,16
Harry,ball,29
Harry,black,207
Harry,bloody,34
Harry,broom,31
Harry,brothers,22
Harry,butterbeer,20
Harry,clever,2
Harry,count,30
Harry,dawn,31
Harry,day,64
Harry,don,12
Harry,doxy,4
Harry,evil,28
Harry,face,438
Harry,fallen,93
Harry,fang,12
Harry,fiery,4
Harry,fluffy,3
Harry,forest,92
Harry,foul-smelling,8
Harry,gloomy,3
Harry,glossy,16
Harry,gormless,12
Harry,grim,3
Harry,group,19
Harry,hall,152
Harry,handsome,13
Harry,heather,15
Harry,holly,26
Harry,hope,138
Harry,ice,40
Harry,iris,4
Harry,ivy,12
Harry,lady,20
Harry,lavender,6
Harry,magic,160
Harry,mark,50
Harry,marsh,8
Harry,mercy,14
Harry,newspaper,4
Harry,parry,6
Harry,rose,106
Harry,ruby,4
Harry,scarlet,19
Harry,stubby,3
Harry,stunned,24
Harry,tall,40
Harry,trolley,3
Harry,uncle,17
Harry Potter,ALBUS,4
Harry Potter,Aberforth,67
Harry Potter,Alastor Moody,3
Harry Potter,Albus,36
Harry Potter,Albus Dumbledore,18
Harry Potter,Alecto,18
Harry Potter,Alfred Cattermole,4
Harry Potter,Amycus,8
Harry Potter,Angry,2
Harry Potter,Apolline,3
Harry Potter,Arcus,3
Harry Potter,Ariana,47
Harry Potter,Arthur,6
Harry Potter,Avery,6
Harry Potter,BATHILDA,4
Harry Potter,Barry,12
Harry Potter,Bathilda,21
Harry Potter,Bathilda Bagshot,41
Harry Potter,Bellatrix,58
Harry Potter,Bellatrix Lestrange,3
Harry Potter,Bill,18
Harry Potter,Black,10
Harry Potter,Bogrod,6
Harry Potter,Borgin,2
Harry Potter,Charity Burbage,8
Harry Potter,Charlie,3
Harry Potter,Cho,6
Harry Potter,Colin,4
Harry Potter,Colin Creevey,4
Harry Potter,Crabbe,24
Harry Potter,Dean,7
Harry Potter,Dedalus,22
Harry Potter,Dedalus Diggle,6
Harry Potter,Dirk,15
Harry Potter,Dobby,52
Harry Potter,Draco,35
Harry Potter,Draco Malfoy,5
Harry Potter,Dragomir,3
Harry Potter,Dudley,36
Harry Potter,Dumbledore,151
Harry Potter,Elphias,19
Harry Potter,Elphias Doge,4
Harry Potter,FALLEN,8
Harry Potter,Fabian Prewett,7
Harry Potter,Fawkes,8
Harry Potter,Firenze,4
Harry Potter,Fleur,30
Harry Potter,Flitwick,35
Harry Potter,Forest,6
Harry Potter,Fred,47
Harry Potter,GODRIC,12
Harry Potter,Gabrielle,8
Harry Potter,Gellert,12
Harry Potter,Gellert Grindelwald,3
Harry Potter,George,113
Harry Potter,Ginny,100
Harry Potter,Godric,22
Harry Potter,Godric Gryffindor,8
Harry Potter,Grawp,15
Harry Potter,Gringotts,25
Harry Potter,Griphook,67
Harry Potter,HAGRID,4
Harry Potter,HERMIONE,9
Harry Potter,Hagrid,161
Harry Potter,Hall,7
Harry Potter,Harry,1017
Harry Potter,Hedwig,12
Harry Potter,Helena Ravenclaw,1
Harry Potter,Helga,8
Harry Potter,Hermione,1720
Harry Potter,Hermione Granger,2
Harry Potter,Hestia,24
Harry Potter,Ivor Dillonsby,3
Harry Potter,James,44
Harry Potter,James Potter,2
Harry Potter,KREACHER,2
Harry Potter,Kingsley,23
Harry Potter,Kingsley Shacklebolt,2
Harry Potter,Kreacher,25
Harry Potter,LILY,8
Harry Potter,Lavender Brown,3
Harry Potter,Lee,6
Harry Potter,Lee Jordan,20
Harry Potter,Lily,44
Harry Potter,Lord,66
Harry Potter,Loxias,3
Harry Potter,Lucius,18
Harry Potter,Lucius Malfoy,18
Harry Potter,Luna,72
Harry Potter,Lupin,132
Harry Potter,MAGIC,3
Harry Potter,Mafalda,11
Harry Potter,Magic,21
Harry Potter,Malfoy,9
Harry Potter,Mark,15
Harry Potter,McGonagall,65
Harry Potter,Merlin,3
Harry Potter,Michael Corner,7
Harry Potter,Miss Granger,12
Harry Potter,Molly,4
Harry Potter,Mr. Potter,3
Harry Potter,Mr. Weasley,82
Harry Potter,Mundungus,31
Harry Potter,Mundungus Fletcher,4
Harry Potter,Muriel,49
Harry Potter,Nagini,84
Harry Potter,Narcissa,18
Harry Potter,Neville,30
Harry Potter,Nick,3
Harry Potter,Parkinson,8
Harry Potter,Parvati,6
Harry Potter,Percival,16
Harry Potter,Percy,16
Harry Potter,Percy Weasley,12
Harry Potter,Perkins,6
Harry Potter,Petunia,14
Harry Potter,Phineas,70
Harry Potter,Pigwidgeon,4
Harry Potter,Pius,3
Harry Potter,Regulus,27
Harry Potter,Rita Skeeter,3
Harry Potter,Ron,495
Harry Potter,Rosie,7
Harry Potter,Rubeus Hagrid,3
Harry Potter,Runcorn,4
Harry Potter,Scabior,44
Harry Potter,Seamus,6
Harry Potter,Selwyn,14
Harry Potter,Severus,28
Harry Potter,Severus Snape,10
Harry Potter,Sirius,24
Harry Potter,Snape,289
Harry Potter,Ted,40
Harry Potter,Teddy,7
Harry Potter,Terry Boot,11
Harry Potter,Tom Riddle,4
Harry Potter,Travers,8
Harry Potter,Umbridge,36
Harry Potter,Uncle,4
Harry Potter,Vernon,47
Harry Potter,Vernon Dursley,28
Harry Potter,Voldemort,523
Harry Potter,Xenophilius,25
Harry Potter,Xenophilius Lovegood,13
Harry Potter,Zacharias Smith,4
Harry Potter,able,34
Harry Potter,aged,3
Harry Potter,angry,35
Harry Potter,bald,25
Harry Potter,black,80
Harry Potter,bloody,3
Harry Potter,broom,15
Harry Potter,brothers,9
Harry Potter,butterbeer,12
Harry Potter,dawn,12
Harry Potter,day,28
Harry Potter,don,4
Harry Potter,evil,12
Harry Potter,face,224
Harry Potter,fallen,42
Harry Potter,forbidden,8
Harry Potter,forest,34
Harry Potter,foul-smelling,3
Harry Potter,gloomy,4
Harry Potter,group,7
Harry Potter,hall,9
Harry Potter,handsome,3
Harry Potter,hope,54
Harry Potter,ice,7
Harry Potter,magic,48
Harry Potter,mark,14
Harry Potter,mercy,3
Harry Potter,newspaper,8
Harry Potter,nick,3
Harry Potter,rob,3
Harry Potter,rose,78
Harry Potter,scarlet,40
Harry Potter,stubby,8
Harry Potter,tall,59
Harry Potter,trolley,3
Harry Potter,uncle,23
Hedwig,Dudley,8
Hedwig,HEDWIG,6
Hedwig,Hagrid,36
Hedwig,Harry,39
Hedwig,Harry Potter,14
Hedwig,Hermione,9
Hedwig,Kingsley,1
Hedwig,Pigwidgeon,6
Hedwig,Ron,8
Hedwig,angry,6
Hedwig,black,9
Hedwig,hall,3
Helena,Lord,3
Helena,angry,2
Helena Ravenclaw,Harry,7
Helga,Hermione,4
Helga,Tom Riddle,8
Hepzibah Smith,Griphook,3
Hepzibah Smith,Ron,7
Hereward,Evil,8
Hereward,bloody,4
Hermione,Aberforth,29
Hermione,Albert,4
Hermione,Albus,2
Hermione,Albus Dumbledore,16
Hermione,Amycus,3
Hermione,Ancient,4
Hermione,Aragog,4
Hermione,Arthur,16
Hermione,Babbitty Rabbitty,3
Hermione,Bathilda,126
Hermione,Bathilda Bagshot,6
Hermione,Bellatrix,117
Hermione,Bill,53
Hermione,Black,68
Hermione,Bogrod,66
Hermione,Borgin,2
Hermione,Bowman Wright,4
Hermione,Brothers,8
Hermione,Cedric,4
Hermione,Charlie,12
Hermione,Chief,4
Hermione,Crabbe,56
Hermione,Cresswell,12
Hermione,Crookshanks,3
Hermione,DOBBY,4
Hermione,DUMBLEDORE,6
Hermione,Dean,7
Hermione,Dean Thomas,3
Hermione,Dobby,3
Hermione,Dolores,16
Hermione,Dora,3
Hermione,Draco,23
Hermione,Draco Malfoy,12
Hermione,Dumbledore,224
Hermione,Elphias,4
Hermione,Elphias Doge,3
Hermione,Fenrir Greyback,3
Hermione,Fleur,15
Hermione,Flitwick,8
Hermione,Forbidden,39
Hermione,Forest,11
Hermione,Fred,33
Hermione,Gabrielle,12
Hermione,George,120
Hermione,Ginny,17
Hermione,Godric,34
Hermione,Gornuk,5
Hermione,Goyle,3
Hermione,Grawp,6
Hermione,Grim,3
Hermione,Gringotts,69
Hermione,Griphook,53
Hermione,Gwenog Jones,3
Hermione,HARRY,4
Hermione,HERMIONE,4
Hermione,Hagrid,28
Hermione,Hannah,4
Hermione,Harry,2692
Hermione,Harry Potter,222
Hermione,Hedwig,4
Hermione,Hepzibah Smith,8
Hermione,Ignotus,4
Hermione,James,24
Hermione,KREACHER,2
Hermione,Kingsley,32
Hermione,Kreacher,77
Hermione,Lavender,8
Hermione,Lee,4
Hermione,Lee Jordan,11
Hermione,Lestrange,24
Hermione,Lily,13
Hermione,Lord,44
Hermione,Lucius,3
Hermione,Luna,99
Hermione,Lupin,151
Hermione,MAGIC,3
Hermione,Mafalda,51
Hermione,Mafalda Hopkirk,4
Hermione,Magic,68
Hermione,Malfoy,52
Hermione,Marius,3
Hermione,Marvolo,4
Hermione,Marvolo Gaunt,20
Hermione,McGonagall,22
Hermione,Merlin,16
Hermione,Miss Granger,27
Hermione,Mr. Potter,9
Hermione,Mr. Weasley,48
Hermione,Mundungus,43
Hermione,Mungo,8
Hermione,Muriel,22
Hermione,Nagini,4
Hermione,Narcissa,24
Hermione,Neville,8
Hermione,Penelope Clearwater,9
Hermione,Percival,4
Hermione,Percy Weasley,4
Hermione,Perkins,8
Hermione,Phineas,12
Hermione,Regulus,30
Hermione,Remus,26
Hermione,Ron,4053
Hermione,Rosie,12
Hermione,Runcorn,4
Hermione,Seamus,10
Hermione,Severus Snape,8
Hermione,Sirius,39
Hermione,Slughorn,3
Hermione,Snape,20
Hermione,Stunned,44
Hermione,Tall,4
Hermione,Ted,7
Hermione,Thorfinn,3
Hermione,Tom,8
Hermione,Tom Riddle,4
Hermione,Travers,86
Hermione,Umbridge,35
Hermione,Vernon,4
Hermione,Viktor,8
Hermione,Viktor Krum,3
Hermione,Voldemort,293
Hermione,Xenophilius,187
Hermione,Xenophilius Lovegood,4
Hermione,able,33
Hermione,aged,16
Hermione,ancient,12
Hermione,angry,21
Hermione,ball,8
Hermione,black,22
Hermione,bloody,23
Hermione,broom,8
Hermione,brothers,16
Hermione,count,6
Hermione,dawn,7
Hermione,day,12
Hermione,don,4
Hermione,face,117
Hermione,fang,4
Hermione,fiery,8
Hermione,fluffy,12
Hermione,forest,20
Hermione,grace,12
Hermione,group,52
Hermione,hall,7
Hermione,heather,6
Hermione,holly,8
Hermione,hope,36
Hermione,magic,30
Hermione,mark,28
Hermione,marsh,4
Hermione,miles,7
Hermione,newspaper,50
Hermione,pike,4
Hermione,pumpkin,16
Hermione,rob,3
Hermione,ruby,7
Hermione,scarlet,32
Hermione,stubby,4
Hermione,violet,12
Hermione,wee,7
Hermione Granger,Harry Potter,4
Hermione Granger,Mr. Weasley,3
Hermione Granger,Ron,3
Hestia,Dedalus,21
Hestia,Dudley,15
Hestia,Harry,7
Hestia,Harry Potter,12
Hestia,Petunia,12
Hestia,Vernon,14
Hestia,Vernon Dursley,8
Hestia,Voldemort,3
Hestia,uncle,6
Hestia Jones,Dudley,3
Hestia Jones,Harry Potter,4
Hestia Jones,Hestia,4
Hestia Jones,Uncle,8
Hestia Jones,scarlet,4
Holly,Harry,9
Horace,Hall,4
Horace,Harry Potter,4
Horace,McGonagall,7
Horace,Minerva,3
Horace,Slughorn,3
Horace Slughorn,Charlie,4
Horace Slughorn,Seamus,8
Hugo,Albus,28
Hugo,face,4
Ice,Hermione,6
Ice,Umbridge,3
Ignotus,Cadmus,8
Ignotus,Dumbledore,7
Ignotus,Harry,24
Ignotus,Xenophilius,8
Ignotus,brothers,8
Ignotus Peverell,Godric,12
Ignotus Peverell,Harry,6
Ignotus Peverell,Ignotus,3
Ignotus Peverell,Ron,3
Ignotus Peverell,clever,3
Igor Karkaroff,Dumbledore,3
Igor Karkaroff,Snape,3
Ivor Dillonsby,Albus,3
Ivor Dillonsby,Dumbledore,12
Ivor Dillonsby,Enid Smeek,8
JAMES POTTER,Dumbledore,4
JAMES POTTER,Harry,3
JAMES POTTER,Harry Potter,4
James,Albus,4
James,Bathilda,32
James,Dumbledore,24
James,Forest,3
James,Ginny,12
James,Hagrid,7
James,Harry,59
James,Harry Potter,16
James,Hermione,11
James,James Potter,8
James,Lily,20
James,Lupin,8
James,Neville,20
James,Peeves,4
James,Peter Pettigrew,4
James,Petunia,4
James,Severus,28
James,Sirius,62
James,Snape,16
James,Teddy,4
James,able,8
James,angry,16
James,broom,4
James,day,8
James,face,13
James,fallen,1
James,group,4
James,hall,8
James,handsome,7
James,scarlet,4
James,trolley,20
James Potter,Harry,7
James Potter,Harry Potter,18
James Potter,Hermione,4
James Potter,James,3
James Potter,Lily,3
James Potter,Snape,30
James Potter,ball,8
James Potter,hall,4
John,Bill,6
John,Harry,3
John,Hermione,3
John,Nymphadora,6
KREACHER,Harry,3
KREACHER,Ron,6
Katie,Lupin,12
Kingsley,Bill,56
Kingsley,Fred,37
Kingsley,George,4
Kingsley,Ginny,23
Kingsley,Hagrid,36
Kingsley,Harry,68
Kingsley,Harry Potter,32
Kingsley,Hedwig,5
Kingsley,Hermione,24
Kingsley,Lee,3
Kingsley,Lupin,30
Kingsley,Magic,3
Kingsley,McGonagall,3
Kingsley,Molly Weasley,8
Kingsley,Mr. Weasley,12
Kingsley,Mundungus,10
Kingsley,Muriel,1
Kingsley,Narcissa Malfoy,8
Kingsley,Ron,23
Kingsley,Uncle,8
Kingsley,Vernon,3
Kingsley,able,8
Kingsley,black,4
Kingsley,face,12
Kingsley Shacklebolt,fallen,7
Kreacher,Bathilda,3
Kreacher,Bella,16
Kreacher,Black,12
Kreacher,Dumbledore,4
Kreacher,Gloomy,3
Kreacher,Harry,127
Kreacher,Harry Potter,69
Kreacher,Hermione,107
Kreacher,Lord,21
Kreacher,Lupin,8
Kreacher,Mr. Weasley,8
Kreacher,Mundungus,21
Kreacher,Mundungus Fletcher,40
Kreacher,Regulus,91
Kreacher,Ron,42
Kreacher,Sirius,35
Kreacher,Snape,16
Kreacher,Voldemort,9
Kreacher,able,6
Kreacher,black,22
Kreacher,day,15
Kreacher,face,21
Kreacher,forbidden,12
Kreacher,hall,12
Kreacher,hope,8
Kreacher,magic,6
Kreacher,mark,6
Kreacher,tall,8
LILY,Harry,4
LILY,JAMES POTTER,8
LORD,Severus Snape,1
Lady,Bloody Baron,7
Lady,Borgin,3
Lady,Harry,3
Lady,Lily,1
Lady,Mary,5
Lady,Nick,9
Lady,forest,8
Lavender,Fenrir Greyback,6
Lavender,Fred,6
Lavender,George,3
Lavender,ball,3
Lavender Brown,Harry,4
Lavender Brown,Ron,4
Lavender Brown,Seamus,4
Lee,Dirk Cresswell,8
Lee,Fred,13
Lee,Harry,5
Lee,Harry Potter,27
Lee,Hermione,10
Lee,Kingsley,8
Lee,Lupin,3
Lee,Magic,6
Lee,Ron,6
Lee,Severus Snape,4
Lee,Xenophilius Lovegood,8
Lee Jordan,Flitwick,8
Lee Jordan,Fred,9
Lee Jordan,George,27
Lee Jordan,Harry,12
Lee Jordan,Hermione,4
Lee Jordan,Ron,4
Lestrange,Bellatrix,11
Lestrange,Bogrod,4
Lestrange,Griphook,9
Lestrange,Harry Potter,15
Lestrange,Hermione,15
Lestrange,Molly,3
Lestrange,Ron,3
Lestrange,Travers,2
Lestrange,hall,3
Lily,Albus,20
Lily,Dumbledore,28
Lily,Gellert Grindelwald,12
Lily,Godric,8
Lily,Hagrid,4
Lily,Harry,132
Lily,Harry Potter,53
Lily,Hermione,25
Lily,Hugo,32
Lily,James,10
Lily,James Potter,15
Lily,Lady,6
Lily,Lord,3
Lily,Lupin,4
Lily,Magic,1
Lily,McGonagall,8
Lily,Petunia,104
Lily,Severus,13
Lily,Snape,143
Lily,Teddy,4
Lily,Voldemort,12
Lily,able,14
Lily,black,4
Lily,blossom,12
Lily,broom,8
Lily,face,44
Lily,fallen,3
Lily,group,4
Lily,magic,8
Lily,rose,4
Livius,Loxias,8
Livius,Xenophilius,4
Lord,Albus Dumbledore,4
Lord,Amycus,8
Lord,Bella,1
Lord,Bellatrix,81
Lord,Crabbe,12
Lord,Draco,38
Lord,Dragomir,3
Lord,Dumbledore,107
Lord,Forbidden,4
Lord,Gringotts,11
Lord,Griphook,4
Lord,Harry,159
Lord,Harry Potter,122
Lord,Hermione,10
Lord,James,4
Lord,Kreacher,40
Lord,Lucius,27
Lord,Lucius Malfoy,17
Lord,Malfoy,48
Lord,Mark,20
Lord,McGonagall,3
Lord,Mr. Potter,3
Lord,Mr. Weasley,4
Lord,Mundungus,8
Lord,Nagini,8
Lord,Narcissa,16
Lord,Neville Longbottom,4
Lord,Pius Thicknesse,8
Lord,Regulus,60
Lord,Ron,18
Lord,Scabior,4
Lord,Severus,41
Lord,Snape,101
Lord,Travers,8
Lord,Trelawney,3
Lord,Voldemort,65
Lord,able,20
Lord,black,15
Lord,bloody,12
Lord,fallen,6
Lord,magic,8
Lord,mercy,3
Lord,uncle,6
Loxias,Barnabas Deverill,8
Loxias,Emeric,4
Loxias,Harry Potter,12
Lucius,Bella,4
Lucius,Bellatrix,14
Lucius,Draco,16
Lucius,Dumbledore,4
Lucius,Griphook,4
Lucius,Harry,52
Lucius,Harry Potter,12
Lucius,Lord,60
Lucius,Lucius Malfoy,8
Lucius,Malfoy,11
Lucius,Mark,4
Lucius,Narcissa,8
Lucius,Ron,4
Lucius,Voldemort,39
Lucius,face,40
Lucius,handsome,3
Lucius,peacock,5
Lucius Malfoy,Bellatrix,16
Lucius Malfoy,Dean,6
Lucius Malfoy,Draco,20
Lucius Malfoy,Hagrid,3
Lucius Malfoy,Harry,8
Lucius Malfoy,Harry Potter,12
Lucius Malfoy,Hermione,16
Lucius Malfoy,Lord,26
Lucius Malfoy,Lucius,9
Lucius Malfoy,Narcissa,23
Lucius Malfoy,Ron,11
Lucius Malfoy,Severus,4
Lucius Malfoy,Severus Snape,12
Lucius Malfoy,Snape,4
Lucius Malfoy,Voldemort,9
Lucius Malfoy,magic,4
Luna,Alecto,3
Luna,Bill,16
Luna,Catchpole,4
Luna,Cho,4
Luna,Dean,41
Luna,Dobby,3
Luna,Dumbledore,8
Luna,Fleur,32
Luna,Ginny,7
Luna,Harry,665
Luna,Harry Potter,27
Luna,Hermione,12
Luna,Lucius Malfoy,6
Luna,McGonagall,6
Luna,Michael Corner,6
Luna,Mr. Potter,3
Luna,Neville,24
Luna,Ron,299
Luna,Snape,4
Luna,Stunned,8
Luna,Viktor,8
Luna,Voldemort,3
Luna,Xenophilius,48
Luna,Xenophilius Lovegood,8
Luna,able,4
Luna,aged,12
Luna,fallen,4
Luna,lavender,4
Luna,mark,8
Lupin,Albus Dumbledore,12
Lupin,Alicia Spinnet,12
Lupin,Arthur,8
Lupin,Bill,43
Lupin,Charlie,3
Lupin,Dora,15
Lupin,Dumbledore,60
Lupin,Fleur,4
Lupin,Fred,18
Lupin,George,8
Lupin,Ginny,8
Lupin,Grawp,3
Lupin,Hagrid,46
Lupin,Hall,3
Lupin,Harry,385
Lupin,Harry Potter,40
Lupin,Hermione,180
Lupin,James,4
Lupin,Kingsley,31
Lupin,Lee,16
Lupin,Lily,8
Lupin,Magic,16
Lupin,Malfoy,4
Lupin,Molly,20
Lupin,Mundungus,8
Lupin,Mundungus Fletcher,3
Lupin,Muriel,8
Lupin,Nymphadora,3
Lupin,Nymphadora Tonks,4
Lupin,Percy,20
Lupin,Petunia,17
Lupin,Pius,4
Lupin,Remus,82
Lupin,Ron,82
Lupin,Sirius,64
Lupin,Sirius Black,3
Lupin,Teddy,4
Lupin,Vernon,8
Lupin,Voldemort,60
Lupin,able,4
Lupin,aged,8
Lupin,ancient,3
Lupin,angry,20
Lupin,broom,9
Lupin,face,49
Lupin,fallen,3
Lupin,group,4
Lupin,handsome,4
Lupin,ice,8
Lupin,magic,8
Lupin,scarlet,8
Lupin,wee,4
MAGIC,Harry,8
MAGIC,Harry Potter,8
MAGIC,Ron,4
MAGIC,black,4
MALFOY,Harry,9
Mafalda,Albert,3
Mafalda,Harry,16
Mafalda,Harry Potter,4
Mafalda,Hermione,27
Mafalda,Ron,20
Mafalda,Runcorn,4
Mafalda,Stunned,4
Mafalda,Umbridge,8
Mafalda,able,12
Mafalda,black,3
Mafalda,heliotrope,8
Mafalda,stubby,8
Mafalda Hopkirk,Harry Potter,12
Mafalda Hopkirk,Hermione,8
Mafalda Hopkirk,heliotrope,4
Magic,Arthur Weasley,4
Magic,Bathilda,35
Magic,Bathilda Bagshot,6
Magic,Bill,14
Magic,Catchpole,2
Magic,Dumbledore,33
Magic,Fleur,8
Magic,Fred,6
Magic,Gringotts,4
Magic,Griphook,4
Magic,Harry,116
Magic,Harry Potter,20
Magic,Hermione,17
Magic,Kingsley,4
Magic,Lee,8
Magic,Lily,4
Magic,Luna,4
Magic,Lupin,6
Magic,Mafalda Hopkirk,4
Magic,McGonagall,6
Magic,Nagini,4
Magic,Ron,15
Magic,Snape,8
Magic,Ted,6
Magic,Umbridge,3
Magic,Vernon Dursley,4
Magic,black,3
Magic,face,5
Magic,group,6
Magic,magic,8
Magic,newspaper,8
Magorian,Bane,12
Maisie,Harry Potter,8
Maisie,Umbridge,3
Malfoy,Bellatrix,6
Malfoy,Colin Creevey,3
Malfoy,Crabbe,88
Malfoy,Dobby,9
Malfoy,Draco,28
Malfoy,Dumbledore,3
Malfoy,Goyle,92
Malfoy,Griphook,7
Malfoy,Harry,15
Malfoy,Harry Potter,40
Malfoy,Hermione,18
Malfoy,Kingsley,3
Malfoy,Lucius,18
Malfoy,Nagini,4
Malfoy,Ron,11
Malfoy,Snape,12
Malfoy,Stunned,4
Malfoy,Voldemort,22
Malfoy,black,7
Malfoy,face,12
Malfoy,fallen,3
Malfoy,fiery,3
Malfoy,hope,8
Malfoy,magic,8
Malfoy,rose,4
Malkin,Draco,3
Malkin,Lucius,3
Malkin,Narcissa,3
Marius,Griphook,8
Mark,Alecto,3
Mark,Amycus,4
Mark,Bella,8
Mark,Bellatrix,10
Mark,Dumbledore,8
Mark,Fleur Delacour,4
Mark,Harry,24
Mark,Harry Potter,11
Mark,Lord,15
Mark,Lucius,3
Mark,McGonagall,9
Mark,SEVERUS SNAPE,4
Mark,Snape,4
Mark,Voldemort,3
Marvolo,Dumbledore,3
Marvolo,Ron,4
Marvolo,face,11
Marvolo Gaunt,Dumbledore,20
Marvolo Gaunt,Harry,12
Marvolo Gaunt,Hermione,5
Marvolo Gaunt,Marvolo,6
Mary,Lily,7
Mary,Ron,3
Mary,Umbridge,12
Mary,day,8
Mary Cattermole,Umbridge,6
Mary Cattermole,face,3
McGonagall,Alecto,4
McGonagall,Amycus,8
McGonagall,Bellatrix,15
McGonagall,Carrow,4
McGonagall,Dumbledore,4
McGonagall,Fenrir Greyback,8
McGonagall,Flitwick,43
McGonagall,George,4
McGonagall,Grawp,8
McGonagall,Hagrid,6
McGonagall,Hall,24
McGonagall,Harry,74
McGonagall,Harry Potter,8
McGonagall,Hermione,19
McGonagall,Horace,8
McGonagall,Kingsley,6
McGonagall,Lily,7
McGonagall,Lord,8
McGonagall,Luna,47
McGonagall,Mark,20
McGonagall,Minerva,43
McGonagall,Molly,4
McGonagall,Peeves,8
McGonagall,Pomona,8
McGonagall,Remus,8
McGonagall,Ron,9
McGonagall,Severus,24
McGonagall,Sirius,8
McGonagall,Slughorn,21
McGonagall,Snape,29
McGonagall,Stunned,12
McGonagall,Voldemort,15
McGonagall,aged,8
McGonagall,face,24
McGonagall,magic,9
Merlin,Dumbledore,4
Merlin,Harry Potter,4
Merlin,Hermione,3
Merlin,Mr. Weasley,4
Merlin,Mundungus Fletcher,4
Merlin,Regulus,8
Merlin,Ron,44
Merlin,Snape,8
Michael,Harry,8
Michael,Hermione,3
Michael,Lee Jordan,4
Michael,Ron,8
Michael,Terry,6
Michael Corner,Anthony Goldstein,8
Michael Corner,Harry,4
Michael Corner,Luna,20
Michael Corner,Ron,12
Michael Corner,Seamus,4
Minerva,Amycus,3
Minerva,Hall,8
Minerva,Harry,16
Minerva,Harry Potter,4
Minerva,Horace,8
Minerva,McGonagall,18
Minerva,Snape,16
Minerva,black,12
Minerva,face,3
Miss Granger,Dumbledore,17
Miss Granger,Harry,12
Miss Granger,Harry Potter,11
Miss Granger,Hermione,6
Miss Granger,Kingsley,6
Molly,Bellatrix,8
Molly,George,8
Molly,Ginny,12
Molly,Hagrid,3
Molly,Harry,21
Molly,Harry Potter,8
Molly,Kingsley,1
Molly,Ron,4
Molly,Sirius,20
Molly,Slughorn,3
Molly,Voldemort,6
Molly Weasley,Harry,12
Mr. Potter,Bill,8
Mr. Potter,Brothers,4
Mr. Potter,Godric,4
Mr. Potter,Harry,12
Mr. Potter,Harry Potter,4
Mr. Potter,Lord,12
Mr. Potter,Luna,8
Mr. Potter,Ron,4
Mr. Potter,Xenophilius,4
Mr. Weasley,ARTHUR WEASLEY,3
Mr. Weasley,Arthur,24
Mr. Weasley,Bernie,9
Mr. Weasley,Bill,21
Mr. Weasley,Dumbledore,15
Mr. Weasley,Fleur,9
Mr. Weasley,Fred,15
Mr. Weasley,Gabrielle,9
Mr. Weasley,George,12
Mr. Weasley,Ginny,3
Mr. Weasley,Hagrid,17
Mr. Weasley,Harry,94
Mr. Weasley,Harry Potter,6
Mr. Weasley,Hermione,27
Mr. Weasley,James,7
Mr. Weasley,Kingsley,18
Mr. Weasley,Luna,6
Mr. Weasley,Lupin,29
Mr. Weasley,Magic,7
Mr. Weasley,McGonagall,8
Mr. Weasley,Merlin,6
Mr. Weasley,Molly,12
Mr. Weasley,Percy,3
Mr. Weasley,Ron,45
Mr. Weasley,Rufus Scrimgeour,2
Mr. Weasley,Runcorn,6
Mr. Weasley,Umbridge,12
Mr. Weasley,Vernon,12
Mr. Weasley,Voldemort,9
Mr. Weasley,Xenophilius Lovegood,3
Mr. Weasley,aged,4
Mr. Weasley,angry,8
Mr. Weasley,bloody,3
Mr. Weasley,day,12
Mr. Weasley,grim,5
Mr. Weasley,handsome,4
Mr. Weasley,magic,3
Mr. Weasley,uncle,15
Mundungus,Arthur,12
Mundungus,Bill,10
Mundungus,Dumbledore,3
Mundungus,Fleur,8
Mundungus,Fred,18
Mundungus,Hagrid,3
Mundungus,Harry,42
Mundungus,Harry Potter,11
Mundungus,Hermione,18
Mundungus,Kingsley,8
Mundungus,Kreacher,33
Mundungus,Lupin,20
Mundungus,MAGIC,3
Mundungus,Mr. Weasley,14
Mundungus,Ron,27
Mundungus,Severus,6
Mundungus,Sirius,18
Mundungus,Snape,10
Mundungus,broom,4
Mundungus,mercy,6
Mundungus,newspaper,4
Mundungus Fletcher,Harry,23
Mundungus Fletcher,Harry Potter,6
Mundungus Fletcher,Kreacher,9
Mundungus Fletcher,Merlin,3
Mundungus Fletcher,Regulus,9
Mundungus Fletcher,Ron,9
Mungo,Ariana,3
Mungo,Dumbledore,4
Mungo,Harry,7
Mungo,Harry Potter,12
Mungo,Hermione,5
Mungo,Neville,8
Mungo,Xenophilius,8
Mungo,magic,8
Muriel,Albus,15
Muriel,Ariana,27
Muriel,Barry,3
Muriel,Bathilda,52
Muriel,Bathilda Bagshot,9
Muriel,Bill,7
Muriel,Dudley,4
Muriel,Dumbledore,64
Muriel,Elphias,32
Muriel,Fleur,16
Muriel,Gabrielle,12
Muriel,George,12
Muriel,Godric,10
Muriel,Griphook,6
Muriel,Harry,122
Muriel,Harry Potter,20
Muriel,Luna,4
Muriel,Molly,6
Muriel,Mungo,4
Muriel,Percival,4
Muriel,Rita,4
Muriel,Rita Skeeter,4
Muriel,Rodolphus,4
Muriel,Ron,63
Muriel,magic,4
Muriel,rose,4
NICK,Nick,11
Nagini,Dumbledore,1
Nagini,Hall,3
Nagini,Harry,18
Nagini,Harry Potter,5
Nagini,Hermione,31
Nagini,Ron,12
Nagini,Snape,21
Nagini,Voldemort,71
Narcissa,Bellatrix,32
Narcissa,Draco,60
Narcissa,Harry,28
Narcissa,Harry Potter,11
Narcissa,Kreacher,12
Narcissa,Lord,3
Narcissa,Lucius,6
Narcissa,Malfoy,4
Narcissa,Remus Lupin,8
Narcissa,Voldemort,3
Narcissa,bloody,4
Narcissa,face,4
Narcissa,group,3
Narcissa,hall,4
Narcissa Malfoy,Hagrid,8
Narcissa Malfoy,Harry,3
Narcissa Malfoy,Luna,4
Narcissa Malfoy,Narcissa,3
Narcissa Malfoy,Scabior,5
Narcissa Malfoy,face,1
Neville,Aberforth,7
Neville,Albus,3
Neville,Ariana,4
Neville,Bellatrix,8
Neville,Carrow,3
Neville,Colin,3
Neville,Crabbe,4
Neville,Dean,8
Neville,Dumbledore,21
Neville,Fang,4
Neville,Fred,7
Neville,Ginny,96
Neville,Goyle,6
Neville,Grawp,6
Neville,Gringotts,2
Neville,HARRY,4
Neville,Hagrid,3
Neville,Hall,7
Neville,Harry,99
Neville,Harry Potter,116
Neville,Hermione,58
Neville,James,6
Neville,Luna,15
Neville,Mungo,3
Neville,Nagini,3
Neville,Neville Longbottom,27
Neville,Percy,4
Neville,Phineas,8
Neville,Ron,24
Neville,Seamus,12
Neville,Seamus Finnigan,4
Neville,Snape,4
Neville,Tom Riddle,4
Neville,Umbridge,6
Neville,Voldemort,33
Neville,able,16
Neville,day,9
Neville,face,12
Neville,fallen,4
Neville,hall,4
Neville,hope,8
Neville Longbottom,Dumbledore,3
Neville Longbottom,Harry Potter,4
Neville Longbottom,Lord,6
Neville Longbottom,Neville,3
Neville Longbottom,Salazar Slytherin,3
Neville Longbottom,Voldemort,12
Neville Longbottom,face,6
Nick,Harry,44
Nick,Lady,12
Nick,NICK,4
Nicolas,Dumbledore,3
Nicolas,Snape,4
Nicolas Flamel,day,9
Norberta,Charlie,8
Nymphadora,Hagrid,3
Nymphadora,Harry,20
Nymphadora Tonks,Harry Potter,3
Nymphadora Tonks,John,4
Nymphadora Tonks,Lupin,3
Odo,George,12
Oliver Wood,Hall,8
Oliver Wood,Katie,8
Oliver Wood,Neville,3
Oliver Wood,Voldemort,4
Padma,Luna,6
Pansy,Harry,8
Pansy,McGonagall,4
Pansy Parkinson,Harry,8
Pansy Parkinson,rose,4
Parkinson,Harry,3
Parkinson,McGonagall,4
Parkinson,Pansy,3
Parvati,Dean,4
Parvati,Hermione,10
Parvati,Ron,4
Parvati,face,3
Peeves,Fred,4
Peeves,Hagrid,3
Peeves,James,6
Peeves,Luna,9
Peeves,McGonagall,6
Peeves,Ron,25
Peeves,face,3
Penelope Clearwater,Hermione,7
Percival,Albus,16
Percival,Barry,6
Percival,Dumbledore,28
Percival,Godric,3
Percival,group,8
Percival,hope,4
Percy,Aberforth,9
Percy,Dirk Cresswell,4
Percy,Fleur,28
Percy,Fred,54
Percy,George,4
Percy,Ginny,16
Percy,Harry,14
Percy,Harry Potter,48
Percy,Hermione,60
Percy,Lee Jordan,4
Percy,Lupin,6
Percy,Mr. Weasley,8
Percy,Teddy,3
Percy,face,6
Percy,tall,4
Percy Weasley,Arcturus Black,3
Percy Weasley,Arthur,4
Percy Weasley,Harry,3
Percy Weasley,Mr. Weasley,4
Percy Weasley,Regulus,4
Perkins,Bill,3
Perkins,Harry,6
Perkins,Harry Potter,8
Perkins,Hermione,4
Perkins,Mr. Weasley,12
Perkins,Ron,6
Peter Pettigrew,Harry,3
Peter Pettigrew,James,4
Peter Pettigrew,Lupin,8
Petunia,Albus Dumbledore,2
Petunia,Dedalus Diggle,3
Petunia,Dudley,51
Petunia,Fred,9
Petunia,Grawp,9
Petunia,Hagrid,3
Petunia,Harry,90
Petunia,Harry Potter,17
Petunia,James,6
Petunia,Kingsley,4
Petunia,Lily,46
Petunia,Snape,67
Petunia,Uncle,24
Petunia,Vernon,12
Petunia,able,7
Petunia,face,3
Petunia,fallen,12
Petunia,scarlet,28
Phineas,Black,3
Phineas,Dexter,7
Phineas,Dumbledore,16
Phineas,Ginny,4
Phineas,Harry,39
Phineas,Harry Potter,18
Phineas,Hermione,102
Phineas,James,8
Phineas,Mundungus,4
Phineas,Ron,9
Phineas,Sirius,4
Phineas,Snape,24
Phineas,able,5
Phineas,black,3
Phineas,face,12
Phineas Nigellus Black,Harry,6
Phineas Nigellus Black,SIRIUS,3
Phineas Nigellus Black,able,9
Pigwidgeon,Hagrid,2
Pigwidgeon,Harry,12
Pigwidgeon,Harry Potter,4
Pigwidgeon,Hermione,4
Pigwidgeon,Ron,14
Pius,Harry,8
Pius,Harry Potter,4
Pius,Magic,4
Pius,Ron,4
Pius Thicknesse,Harry,16
Pius Thicknesse,Harry Potter,4
Pius Thicknesse,face,9
Pomona,McGonagall,4
Pomona,grim,8
Quirrell,Dumbledore,12
RON,Ron,8
RON,Voldemort,3
Ragnuk,Godric Gryffindor,12
Reginald Cattermole,Elizabeth,4
Reginald Cattermole,Umbridge,6
Regulus,Bellatrix,8
Regulus,Black,4
Regulus,Hagrid,12
Regulus,Harry,123
Regulus,Harry Potter,12
Regulus,Hermione,12
Regulus,Kreacher,124
Regulus,Lord,15
Regulus,Magorian,8
Regulus,Mundungus Fletcher,8
Regulus,Ron,20
Regulus,Sirius,44
Regulus,Voldemort,6
Regulus,able,4
Regulus,day,3
Regulus,fluffy,6
Regulus,hall,4
Regulus,handsome,8
Regulus,rose,4
Remus,Aberforth,4
Remus,Arthur,12
Remus,Bellatrix,8
Remus,Bill,10
Remus,Dumbledore,4
Remus,Fred,3
Remus,George,8
Remus,Hagrid,6
Remus,Harry,42
Remus,Hermione,17
Remus,John,16
Remus,Lupin,15
Remus,Nymphadora Tonks,4
Remus,Rodolphus,4
Remus,Ron,6
Remus,Travers,4
Remus,broom,8
Remus,face,6
Remus,group,8
Remus,hope,4
Remus Lupin,Bellatrix,2
Remus Lupin,Bill,3
Remus Lupin,Lucius,3
Remus Lupin,Lupin,8
Rita,Aberforth,3
Rita,Albus Dumbledore,6
Rita,Armando Dippet,6
Rita,Barry,3
Rita,Bathilda,3
Rita,Dumbledore,12
Rita,Elphias Doge,3
Rita,Harry,15
Rita,Harry Potter,5
Rita,Hermione,23
Rita,Muriel,3
Rita,Rita Skeeter,3
Rita,Ron,3
Rita,Xenophilius Lovegood,3
Rita,angry,3
Rita,face,9
Rita,hope,4
Rita,newspaper,3
Rita,rose,4
Rita Skeeter,Albus Dumbledore,3
Rita Skeeter,Ariana,14
Rita Skeeter,Bathilda,4
Rita Skeeter,Bathilda Bagshot,6
Rita Skeeter,DUMBLEDORE,4
Rita Skeeter,Dumbledore,10
Rita Skeeter,Godric,3
Rita Skeeter,Harry,38
Rita Skeeter,Harry Potter,24
Rita Skeeter,Hermione,6
Rita Skeeter,Magic,6
Rita Skeeter,Muriel,12
Rita Skeeter,Rita,4
Rita Skeeter,Ron,4
Rita Skeeter,face,12
Rodolphus,Bellatrix,8
Rodolphus,Ron,4
Roger,Dumbledore,3
Roger,Fleur,4
Roger Davies,Fleur Delacour,3
Roger Davies,Snape,4
Roger Davies,black,4
Ron,Aberforth,13
Ron,Albus,9
Ron,Arthur,12
Ron,Bellatrix,32
Ron,Bellatrix Lestrange,8
Ron,Bilius,4
Ron,Bill,44
Ron,Black,8
Ron,Bletchley,8
Ron,Catchpole,4
Ron,Celestina Warbeck,4
Ron,Charlie,16
Ron,Cho,8
Ron,Crabbe,16
Ron,Crookshanks,6
Ron,Dean,20
Ron,Dean Thomas,4
Ron,Dobby,6
Ron,Draco,10
Ron,Dragomir,8
Ron,Dragomir Gorgovitch,4
Ron,Dumbledore,228
Ron,Fabian,12
Ron,Fang,8
Ron,Fleur,130
Ron,Fred,8
Ron,George,50
Ron,Ginny,72
Ron,Godric,3
Ron,Godric Gryffindor,2
Ron,Gringotts,26
Ron,Griphook,49
Ron,HARRY,16
Ron,HERMIONE,8
Ron,Hagrid,10
Ron,Hall,11
Ron,Harry,6861
Ron,Harry Potter,682
Ron,Helga,4
Ron,Hermione,660
Ron,Hermione Granger,8
Ron,Ignotus,12
Ron,James,3
Ron,James Potter,3
Ron,Kingsley,28
Ron,Kreacher,45
Ron,Lavender,3
Ron,Lee,20
Ron,Lily,9
Ron,Lord,5
Ron,Luna,21
Ron,Lupin,45
Ron,MALFOY,2
Ron,Mafalda,4
Ron,Mafalda Hopkirk,8
Ron,Magic,6
Ron,Malfoy,21
Ron,Marvolo,4
Ron,Michael,9
Ron,Molly,12
Ron,Mr. Weasley,56
Ron,Mundungus,24
Ron,Mungo,16
Ron,Nagini,16
Ron,Neville,64
Ron,Parvati,3
Ron,Percy,24
Ron,Perkins,4
Ron,Peter Pettigrew,2
Ron,Phineas,12
Ron,Pigwidgeon,3
Ron,Ragnuk,6
Ron,Regulus,20
Ron,Runcorn,6
Ron,Scabior,16
Ron,Scorpius,4
Ron,Sirius,8
Ron,Slughorn,8
Ron,Snape,24
Ron,Stunned,16
Ron,Teddy,8
Ron,Thorfinn,3
Ron,Travers,44
Ron,Umbridge,14
Ron,Viktor,8
Ron,Voldemort,39
Ron,Xenophilius,64
Ron,Xenophilius Lovegood,7
Ron,able,31
Ron,angry,19
Ron,ball,7
Ron,black,36
Ron,broom,3
Ron,brothers,4
Ron,butterbeer,4
Ron,day,24
Ron,don,4
Ron,evil,4
Ron,face,47
Ron,fallen,3
Ron,fang,8
Ron,fluffy,12
Ron,forest,6
Ron,glossy,4
Ron,gormless,7
Ron,grim,12
Ron,hall,60
Ron,handsome,8
Ron,hope,22
Ron,lady,8
Ron,magic,67
Ron,mark,4
Ron,miles,3
Ron,newspaper,4
Ron,parry,3
Ron,pike,8
Ron,pumpkin,4
Ron,scarlet,12
Ron,stunned,4
Ron,tall,2
Rose,Albus,4
Rose,Harry,28
Rose,Ron,36
Rosie,Draco,4
Rosie,James,4
Rosie,Ron,16
Rowena,Harry,3
Rowena,Hermione,7
Rowena,face,17
Rowena,tall,8
Rubeus Hagrid,Lee,4
Rubeus Hagrid,Ron,8
Rufus Scrimgeour,Mr. Weasley,9
Runcorn,Albert,8
Runcorn,Harry,9
Runcorn,Harry Potter,19
Runcorn,Hermione,11
Runcorn,Mafalda,8
Runcorn,Magic,4
Runcorn,Mr. Weasley,35
Runcorn,Ron,3
Runcorn,Umbridge,11
Runcorn,black,8
Runcorn,day,6
Runcorn,tall,12
SEVERUS SNAPE,Alecto Carrow,3
SEVERUS SNAPE,Harry Potter,4
SEVERUS SNAPE,Mark,3
SEVERUS SNAPE,Severus Snape,4
SEVERUS SNAPE,ancient,3
SEVERUS SNAPE,black,3
SIRIUS,Harry,7
SIRIUS,handsome,3
Salazar Slytherin,Neville,8
Scabior,Dudley,15
Scabior,Harry,19
Scabior,Harry Potter,15
Scabior,Hermione,5
Scabior,Lord,6
Scabior,Ron,15
Scabior,Vernon,14
Scabior,Voldemort,21
Scabior,black,3
Scabior,face,6
Scorpius,Albus,4
Scorpius,Hermione,3
Scorpius,Ron,4
Seamus,Aberforth,3
Seamus,Anthony Goldstein,4
Seamus,Buckbeak,4
Seamus,Charlie,8
Seamus,Harry,25
Seamus,Hermione,4
Seamus,Lavender Brown,4
Seamus,Luna,35
Seamus,Neville,12
Seamus,Ron,20
Seamus,face,4
Seamus Finnigan,Neville,3
Seamus Finnigan,face,5
Selwyn,Hagrid,3
Selwyn,Harry,5
Selwyn,Harry Potter,3
Selwyn,Luna,9
Selwyn,Voldemort,6
Selwyn,Xenophilius,6
Severus,Albus,3
Severus,Albus Dumbledore,6
Severus,Bellatrix,4
Severus,Dumbledore,122
Severus,Fawkes,4
Severus,Forest,3
Severus,George Weasley,12
Severus,Harry,68
Severus,Harry Potter,35
Severus,James,4
Severus,Lily,3
Severus,Lord,37
Severus,Malfoy,9
Severus,McGonagall,3
Severus,Minerva,4
Severus,Mundungus,4
Severus,Petunia,7
Severus,Sirius,20
Severus,Snape,81
Severus,Voldemort,31
Severus,able,10
Severus,angry,3
Severus,black,4
Severus,clever,3
Severus,face,10
Severus,magic,10
Severus Snape,Alecto Carrow,4
Severus Snape,Black,3
Severus Snape,Dumbledore,13
Severus Snape,Harry,28
Severus Snape,Harry Potter,7
Severus Snape,Lily,9
Severus Snape,Snape,4
Severus Snape,Ted,9
Severus Snape,ancient,6
Severus Snape,black,6
Severus Snape,count,12
Severus Snape,face,3
Severus Snape,hall,12
Severus Snape,hope,1
Sirius,Aberforth,8
Sirius,Arcturus,9
Sirius,Arthur,4
Sirius,Bathilda Bagshot,2
Sirius,Bella,4
Sirius,Bellatrix,6
Sirius,Black,12
Sirius,CEDRIC DIGGORY,4
Sirius,Dumbledore,67
Sirius,Hagrid,15
Sirius,Harry,126
Sirius,Harry Potter,20
Sirius,Hermione,25
Sirius,James,23
Sirius,Kreacher,28
Sirius,Lily,34
Sirius,Lord,4
Sirius,Lupin,33
Sirius,Magic,3
Sirius,McGonagall,3
Sirius,Mr. Weasley,4
Sirius,Mundungus,4
Sirius,Neville,8
Sirius,Phineas Nigellus Black,12
Sirius,Regulus,25
Sirius,Ron,15
Sirius,Slughorn,3
Sirius,Snape,16
Sirius,Ted,3
Sirius,Voldemort,17
Sirius,face,9
Sirius,hall,4
Sirius,handsome,3
Sirius,ice,12
Sirius,scarlet,8
Sirius,tall,4
Sirius Black,Bill,4
Sirius Black,Lupin,4
Sirius Black,black,4
Slughorn,Aberforth,8
Slughorn,Bellatrix,12
Slughorn,Dumbledore,16
Slughorn,Flitwick,3
Slughorn,Harry,20
Slughorn,Kingsley,4
Slughorn,Luna,20
Slughorn,Minerva,15
Slughorn,Ron,4
Snape,Alecto,6
Snape,Ariana,3
Snape,Avery,12
Snape,Bellatrix,10
Snape,Charity,3
Snape,Dean,4
Snape,Dirk,15
Snape,Dobby,8
Snape,Draco,6
Snape,Dumbledore,136
Snape,Evil,3
Snape,FOREST,4
Snape,Fawkes,2
Snape,Fleur,8
Snape,Flitwick,7
Snape,Fred,6
Snape,George,8
Snape,Ginny,3
Snape,Gringotts,3
Snape,Hagrid,18
Snape,Hall,8
Snape,Harry,275
Snape,Harry Potter,75
Snape,Hermione,48
Snape,James,25
Snape,James Potter,6
Snape,Lily,185
Snape,Lord,34
Snape,Lucius,8
Snape,Luna,66
Snape,Lupin,18
Snape,Malfoy,3
Snape,Marvolo Gaunt,3
Snape,McGonagall,39
Snape,Merlin,6
Snape,Minerva,9
Snape,Nagini,8
Snape,Petunia,16
Snape,Phineas,18
Snape,Regulus,3
Snape,Ron,77
Snape,Severus,84
Snape,Severus Snape,6
Snape,Sirius,6
Snape,Slughorn,3
Snape,Ted,30
Snape,Trelawney,2
Snape,Umbridge,6
Snape,Voldemort,192
Snape,able,6
Snape,angry,6
Snape,black,21
Snape,broom,3
Snape,clever,6
Snape,curt,9
Snape,day,4
Snape,face,166
Snape,fallen,21
Snape,forest,8
Snape,grim,3
Snape,group,2
Snape,hall,23
Snape,handsome,6
Snape,hope,6
Snape,magic,14
Snape,newspaper,3
Snape,rose,9
Stanley Shunpike,face,6
Stanley Shunpike,fallen,3
Stunned,Alecto,12
Stunned,Bill,3
Stunned,Crabbe,12
Stunned,Dirk,3
Stunned,Draco,4
Stunned,Fred,3
Stunned,Harry,1
Stunned,Harry Potter,10
Stunned,Hermione,9
Stunned,Luna,9
Stunned,Lupin,8
Stunned,Malfoy,4
Stunned,Ron,9
Stunned,Scabior,5
Stunned,Ted,1
Stunned,Zacharias Smith,3
Stunned,black,6
Stunned,broom,6
Stunned,face,7
Stunned,hope,8
Tall,Dumbledore,4
Tall,Harry,4
Ted,Dirk,32
Ted,Dora,5
Ted,Dumbledore,12
Ted,Gornuk,32
Ted,Gringotts,9
Ted,Griphook,55
Ted,Hagrid,12
Ted,Harry,119
Ted,Harry Potter,7
Ted,Hermione,10
Ted,Lee,4
Ted,Ron,4
Ted,Snape,8
Ted,Voldemort,3
Ted,able,18
Teddy,Fabian Prewett,3
Teddy,Fleur,4
Teddy,Ginny,6
Teddy,Harry,3
Teddy,Harry Potter,14
Teddy,Hermione,4
Teddy,James,9
Teddy,Lily,3
Teddy,Lupin,4
Teddy,Remus,9
Teddy,Remus Lupin,8
Teddy,Ron,3
Teddy,Sirius Black,4
Teddy,Victoire,6
Terry,group,6
Terry Boot,Carrow,7
Terry Boot,Gringotts,2
Terry Boot,Lavender Brown,4
Terry Boot,Luna,3
Terry Boot,Michael Corner,3
Terry Boot,Ron,4
Thorfinn,Hermione,8
Thorfinn,Ron,4
Tom,Harry,9
Tom,Harry Potter,4
Tom,Hermione,20
Tom,Lestrange,4
Tom Riddle,Flitwick,8
Tom Riddle,Harry,11
Tom Riddle,Helena Ravenclaw,3
Tom Riddle,Hermione,11
Tom Riddle,Ron,6
Tom Riddle,Voldemort,6
Tom Riddle,face,6
Travers,Bellatrix,27
Travers,Bellatrix Lestrange,4
Travers,Bogrod,15
Travers,Dean,3
Travers,Draco,4
Travers,Dragomir,8
Travers,George,4
Travers,Griphook,31
Travers,Harry,21
Travers,Harry Potter,4
Travers,Hermione,52
Travers,Kingsley,4
Travers,Lestrange,11
Travers,Malfoy,12
Travers,Marius,4
Travers,Peeves,2
Travers,Remus,4
Travers,Ron,15
Travers,Stunned,4
Travers,Umbridge,6
Travers,Xenophilius,8
Travers,black,4
Travers,day,3
Travers,hall,9
Travers,tall,4
Trelawney,Dumbledore,6
Trelawney,Voldemort,3
Trelawney,ball,8
Umbridge,Amycus,1
Umbridge,Arkie,8
Umbridge,Dolores,8
Umbridge,Elizabeth,8
Umbridge,Ellie,8
Umbridge,Ginny,4
Umbridge,Harry,90
Umbridge,Harry Potter,15
Umbridge,Hermione,104
Umbridge,Mafalda,15
Umbridge,Mary,3
Umbridge,Mary Cattermole,12
Umbridge,Neville,4
Umbridge,Reginald Cattermole,8
Umbridge,Ron,34
Umbridge,Snape,8
Umbridge,Wakanda,8
Umbridge,black,12
Umbridge,day,8
Umbridge,face,24
Umbridge,fluffy,5
Uncle,Bilius,7
Uncle,Dedalus,11
Uncle,Dudley,39
Uncle,Ginny,4
Uncle,Hagrid,3
Uncle,Harry,8
Uncle,Harry Potter,79
Uncle,Hermione,8
Uncle,Hestia,4
Uncle,Lord,3
Uncle,Magic,3
Uncle,Mr. Weasley,12
Uncle,Petunia,3
Uncle,Vernon,84
Uncle,Vernon Dursley,12
Uncle,Voldemort,7
Uncle,clever,6
Uncle,face,3
Uncle,hall,2
Uncle,uncle,22
Vernon,Arthur Weasley,4
Vernon,Dedalus Diggle,6
Vernon,Dudley,12
Vernon,Dumbledore,12
Vernon,Hagrid,6
Vernon,Harry,135
Vernon,Kingsley,14
Vernon,Petunia,116
Vernon,Ron,3
Vernon,Scabior,9
Vernon,Uncle,55
Vernon,Voldemort,3
Vernon,black,6
Vernon,clever,3
Vernon,face,6
Vernon,hall,2
Vernon,uncle,3
Vernon Dursley,Dedalus,6
Vernon Dursley,Dudley,12
Vernon Dursley,Harry,15
Vernon Dursley,Harry Potter,8
Vernon Dursley,Magic,6
Vernon Dursley,Uncle,4
Vernon Dursley,Vernon,24
Vernon Dursley,Voldemort,4
Vernon Dursley,able,9
Vernon Dursley,stunned,3
Vernon Dursley,uncle,4
Victoire,Ginny,4
Victoire,Teddy,5
Viktor,Dumbledore,3
Viktor,Godric,6
Viktor,Harry,3
Viktor,Harry Potter,3
Viktor,Hermione,8
Viktor,Luna,3
Viktor,Ron,3
Viktor,black,3
Viktor,face,3
Viktor Krum,Hermione,4
Viktor Krum,mark,4
Voldemort,Alecto Carrow,12
Voldemort,Bella,4
Voldemort,Bellatrix,56
Voldemort,Black,4
Voldemort,Borgin,2
Voldemort,Cedric,3
Voldemort,Charity Burbage,16
Voldemort,DUMBLEDORE,4
Voldemort,Day,12
Voldemort,Dexter,4
Voldemort,Draco,61
Voldemort,Draco Malfoy,4
Voldemort,Dudley,3
Voldemort,Dumbledore,131
Voldemort,Fleur,6
Voldemort,Flitwick,3
Voldemort,Forbidden,4
Voldemort,Forest,3
Voldemort,George,4
Voldemort,Ginny,10
Voldemort,Godric,11
Voldemort,Grawp,6
Voldemort,Gringotts,16
Voldemort,Griphook,4
Voldemort,Hagrid,50
Voldemort,Hall,13
Voldemort,Harry,1257
Voldemort,Harry Potter,143
Voldemort,Hedwig,3
Voldemort,Hermione,150
Voldemort,Horace Slughorn,9
Voldemort,Katie,4
Voldemort,Kreacher,32
Voldemort,Lady,12
Voldemort,Lee Jordan,4
Voldemort,Lord,550
Voldemort,Lucius,14
Voldemort,Lucius Malfoy,64
Voldemort,Luna,8
Voldemort,Lupin,58
Voldemort,Magic,4
Voldemort,Malfoy,20
Voldemort,Mark,16
Voldemort,McGonagall,40
Voldemort,Molly,8
Voldemort,Molly Weasley,4
Voldemort,Mr. Weasley,12
Voldemort,Narcissa,28
Voldemort,Neville,33
Voldemort,Pius,4
Voldemort,Pius Thicknesse,4
Voldemort,RON,8
Voldemort,Regulus,8
Voldemort,Ron,272
Voldemort,Salazar Slytherin,4
Voldemort,Seamus,8
Voldemort,Selwyn,8
Voldemort,Severus,129
Voldemort,Severus Snape,8
Voldemort,Sirius,28
Voldemort,Snape,45
Voldemort,Stunned,8
Voldemort,Ted,8
Voldemort,Vernon,8
Voldemort,able,6
Voldemort,angry,19
Voldemort,badgered,3
Voldemort,black,18
Voldemort,bloody,3
Voldemort,broom,6
Voldemort,brothers,4
Voldemort,clever,10
Voldemort,day,2
Voldemort,face,17
Voldemort,fallen,3
Voldemort,forest,38
Voldemort,grim,4
Voldemort,holly,4
Voldemort,hope,28
Voldemort,magic,61
Voldemort,newspaper,12
Voldemort,rose,7
Voldemort,scarlet,12
Voldemort,uncle,8
Wakanda,Harry,8
Wakanda,Mr. Weasley,4
Walden Macnair,Hagrid,4
Walden Macnair,Lucius,4
Walden Macnair,Narcissa Malfoy,4
Xenophilius,Arcus,6
Xenophilius,BROTHERS,12
Xenophilius,Bill,9
Xenophilius,Brothers,15
Xenophilius,Dumbledore,11
Xenophilius,Emeric,4
Xenophilius,Evil,3
Xenophilius,Fleur,9
Xenophilius,Godelot,3
Xenophilius,Harry,61
Xenophilius,Harry Potter,103
Xenophilius,Hermione,154
Xenophilius,Ignotus Peverell,4
Xenophilius,Luna,73
Xenophilius,Mr. Potter,6
Xenophilius,Ron,56
Xenophilius,Rowena,19
Xenophilius,Selwyn,19
Xenophilius,Travers,8
Xenophilius,Xenophilius Lovegood,16
Xenophilius,ancient,9
Xenophilius,brothers,8
Xenophilius,face,16
Xenophilius,hope,12
Xenophilius,lady,4
Xenophilius,magic,6
Xenophilius,mark,12
Xenophilius,rich,6
Xenophilius Lovegood,Bill,3
Xenophilius Lovegood,Fleur,4
Xenophilius Lovegood,Harry,7
Xenophilius Lovegood,Hermione,10
Xenophilius Lovegood,Luna,16
Xenophilius Lovegood,Merlin,12
Xenophilius Lovegood,Ron,4
Xenophilius Lovegood,black,4
Xenophilius Lovegood,face,3
Zacharias Smith,Harry,12
Zacharias Smith,Harry Potter,3
Zacharias Smith,Lupin,3
Zacharias Smith,hall,3
able,Ariana,9
able,Bill,12
able,Bogrod,8
able,Carrow,6
able,Dawn,8
able,Dean,4
able,Dedalus,3
able,Dobby,4
able,Draco Malfoy,1
able,Dumbledore,19
able,Fleur,8
able,Flitwick,4
able,George,3
able,Ginny,8
able,Griphook,24
able,Hagrid,20
able,Harry,84
able,Harry Potter,83
able,Hedwig,4
able,Hermione,44
able,James,8
able,Lily,3
able,Lucius,4
able,Luna,8
able,Lupin,19
able,Magic,2
able,McGonagall,2
able,Neville,3
able,Petunia,4
able,Phineas,4
able,Ron,56
able,Sirius,3
able,Snape,59
able,Ted,4
able,Umbridge,2
able,Voldemort,30
able,black,27
able,dawn,3
able,day,8
able,doxy,8
able,face,14
able,forest,4
able,grim,4
able,magic,8
able,miles,6
able,stunned,4
able,uncle,3
aged,Dumbledore,4
aged,Fred,3
aged,George,3
aged,Harry,36
aged,Harry Potter,4
aged,Luna,3
aged,Lupin,3
aged,Ron,6
aged,Slughorn,3
albino peacock,Harry,3
albino peacock,Voldemort,3
albino peacock,face,3
ancient,Alecto Carrow,4
ancient,Catchpole,3
ancient,Fred,8
ancient,Godric Gryffindor,4
ancient,Goyle,3
ancient,Griphook,8
ancient,Harry,6
ancient,Harry Potter,4
ancient,Hermione,3
ancient,Ron,8
ancient,Severus Snape,4
ancient,Xenophilius,12
ancient,black,4
ancient,chambers,4
ancient,face,3
ancient,hope,4
angry,Aberforth,4
angry,Albus,2
angry,Albus Dumbledore,8
angry,Bathilda,4
angry,Bellatrix,4
angry,Bill,3
angry,Draco Malfoy,4
angry,Dumbledore,27
angry,Fred,3
angry,Ginny,3
angry,Griphook,4
angry,Harry,53
angry,Harry Potter,21
angry,Helena,5
angry,Hermione,19
angry,Kingsley,4
angry,Lupin,6
angry,Remus,3
angry,Ron,51
angry,Severus,8
angry,Voldemort,16
angry,brothers,4
angry,clever,3
angry,face,12
angry,pumpkin,4
badger,Harry,20
badger,Hermione,4
badgered,Harry,6
badgered,Hermione,4
badgered,Voldemort,3
bald,Arthur,3
bald,Harry,3
bald,Hermione,9
bald,Mr. Weasley,8
bald,Ron,3
bald,Voldemort,8
bald,angry,6
ball,Draco,8
ball,Dumbledore,3
ball,Harry,27
ball,Harry Potter,4
ball,Hermione,15
ball,Lavender,4
ball,Regulus,8
ball,Ron,20
ball,Sirius,4
ball,Trelawney,6
ball,Voldemort,4
ball,hall,12
black,Ariana,4
black,Arthur Weasley,4
black,Bathilda,18
black,Bill,6
black,Draco,3
black,Fleur,9
black,GRINGOTTS,8
black,Godric Gryffindor,6
black,Grawp,3
black,Griphook,18
black,Hagrid,23
black,Harry,81
black,Harry Potter,36
black,Hedwig,6
black,Hermione,64
black,Kreacher,3
black,Lily,9
black,Lord,12
black,Lucius Malfoy,3
black,MAGIC,6
black,Mafalda,3
black,Magic,7
black,McGonagall,3
black,Ron,67
black,Severus,6
black,Snape,126
black,Umbridge,12
black,Xenophilius Lovegood,3
black,badger,12
black,chambers,12
black,clever,12
black,dawn,6
black,day,6
black,face,52
black,grim,8
black,hall,13
black,handsome,3
black,hope,12
black,ice,3
black,magic,3
black,rose,12
black,scarlet,4
black,tall,12
bloody,Bellatrix,6
bloody,Bill,12
bloody,Draco,12
bloody,Griphook,5
bloody,Harry,16
bloody,Harry Potter,15
bloody,Hermione,6
bloody,Loxias,8
bloody,Luna,3
bloody,Snape,4
bloody,Voldemort,3
bloody,Xenophilius,4
bloody,black,3
bloody,face,3
blossom,Petunia,12
broom,Bill,12
broom,Fred,8
broom,George,12
broom,Hagrid,4
broom,Harry,16
broom,Harry Potter,12
broom,Hedwig,8
broom,Hermione,12
broom,Lupin,3
broom,Ron,36
broom,Snape,4
broom,Stunned,12
broom,able,4
broom,black,12
broom,face,8
broom,hope,8
brothers,Aberforth,3
brothers,Albus,25
brothers,Albus Dumbledore,3
brothers,Antioch,3
brothers,Ariana,6
brothers,Cadmus,4
brothers,Dumbledore,8
brothers,Ginny,8
brothers,Godric,6
brothers,Hagrid,6
brothers,Harry,14
brothers,Harry Potter,16
brothers,Hermione,12
brothers,Lily,6
brothers,Ron,3
brothers,Voldemort,2
brothers,clever,6
butterbeer,Bathilda Bagshot,4
butterbeer,Godric,3
butterbeer,Harry,6
butterbeer,Hermione,8
butterbeer,Lupin,9
butterbeer,Muriel,4
butterbeer,face,3
butterbeer,rose,4
chambers,Harry,4
chambers,Hermione,1
chambers,Runcorn,4
chambers,ancient,6
chambers,black,3
clever,Aberforth,12
clever,Dedalus,8
clever,Dudley,6
clever,Dumbledore,7
clever,Godric,8
clever,Harry,4
clever,Harry Potter,12
clever,Phineas,4
clever,Severus,12
clever,Uncle,4
clever,Voldemort,12
clever,face,4
clever,magic,8
count,Aberforth,7
count,Elphias,3
count,Fred,4
count,Harry,6
count,Harry Potter,14
count,Hermione,13
count,Kreacher,8
count,Lee,6
count,Ron,3
count,mark,4
curt,Bellatrix,4
curt,Harry,4
curt,Severus,4
dawn,ALBUS DUMBLEDORE,4
dawn,George,12
dawn,Griphook,4
dawn,Harry,30
dawn,Hermione,12
dawn,Luna,10
dawn,Neville,8
dawn,Ron,7
dawn,Voldemort,7
dawn,black,12
day,Aberforth,12
day,Adalbert Waffling,3
day,Albus,20
day,Albus Dumbledore,12
day,Andromeda,12
day,Bathilda,10
day,Dedalus,4
day,Dudley,8
day,Fleur,4
day,Fred,4
day,Gellert,12
day,Ginny,12
day,Gringotts,4
day,Hagrid,2
day,Harry,132
day,Harry Potter,21
day,Hermione,50
day,Lord,4
day,Luna,8
day,Mary,3
day,Muriel,8
day,Neville,8
day,Regulus,8
day,Remus,4
day,Ron,122
day,Runcorn,4
day,Voldemort,4
day,brothers,4
day,face,18
day,fiery,8
day,hall,4
day,hope,8
day,magic,4
day,tall,4
don,Harry Potter,12
don,Mr. Weasley,12
doxy,able,9
evil,Avery,3
evil,Evil,3
evil,Harry,8
evil,Hermione,21
evil,James Potter,4
evil,Ron,9
evil,Voldemort,10
evil,face,3
evil,magic,3
face,Aberforth,40
face,Albus,4
face,Albus Dumbledore,12
face,Amycus,16
face,Ariana,4
face,Bathilda,12
face,Bellatrix,27
face,Bellatrix Lestrange,4
face,Bill,4
face,Charity,6
face,Charity Burbage,4
face,Draco,8
face,Dudley,8
face,Dumbledore,30
face,Elphias,4
face,FOREST,8
face,Fenrir Greyback,3
face,Fleur,4
face,Forbidden,4
face,Forest,11
face,Fred,4
face,George,8
face,Ginny,8
face,Godric,9
face,Goyle,4
face,Gringotts,5
face,Griphook,12
face,Hagrid,15
face,Harry,873
face,Harry Potter,86
face,Hedwig,4
face,Hermione,257
face,James,14
face,James Potter,12
face,Lily,7
face,Lord,26
face,Luna,73
face,Lupin,7
face,MALFOY,6
face,Magic,16
face,Malfoy,4
face,Mark,4
face,Mary,4
face,Minerva,3
face,Mundungus,4
face,Muriel,4
face,Narcissa,4
face,Neville,20
face,Neville Longbottom,8
face,Petunia,8
face,Ron,517
face,Rose,20
face,Rowena,4
face,Scabior,4
face,Seamus,9
face,Severus,25
face,Sirius,12
face,Snape,8
face,Ted,7
face,Travers,3
face,Umbridge,6
face,Vernon,12
face,Voldemort,215
face,Xenophilius,17
face,able,18
face,ancient,7
face,angry,4
face,ball,12
face,black,16
face,bloody,4
face,broom,3
face,butterbeer,4
face,dawn,12
face,fluffy,8
face,grace,4
face,grim,8
face,group,8
face,hall,11
face,handsome,12
face,newspaper,4
face,rose,8
fallen,Bill,4
fallen,Dumbledore,4
fallen,Fred,4
fallen,Fred Weasley,8
fallen,Hagrid,8
fallen,Harry,28
fallen,Harry Potter,11
fallen,Hermione,80
fallen,Kingsley Shacklebolt,6
fallen,Lily,3
fallen,Lord,12
fallen,Lupin,4
fallen,Percy,6
fallen,Petunia,15
fallen,Ron,8
fallen,Rowena,3
fallen,Sirius,3
fallen,Snape,12
fallen,Stanley Shunpike,4
fallen,Stunned,4
fallen,Voldemort,44
fallen,able,3
fallen,face,7
fallen,newspaper,4
fang,Harry,3
fang,Hermione,12
fang,Ron,3
fiery,Gringotts,4
fiery,Harry,4
fiery,Harry Potter,4
fiery,Luna,8
fiery,Ron,36
fluffy,Crookshanks,6
fluffy,Griphook,3
fluffy,Harry,29
fluffy,Ron,6
fluffy,Umbridge,1
fluffy,face,3
forbidden,Harry,12
forbidden,Regulus,12
forest,Aragog,3
forest,Borgin,6
forest,Dumbledore,3
forest,Fang,3
forest,Flitwick,3
forest,Forest,9
forest,Fred,3
forest,Hagrid,21
forest,Harry,52
forest,Harry Potter,8
forest,Hermione,27
forest,James,13
forest,Lady,1
forest,Lily,2
forest,Lupin,4
forest,Ron,17
forest,Seamus,3
forest,Voldemort,12
forest,able,12
forest,face,8
forest,fallen,9
forest,rose,2
foul-smelling,Harry,10
gloomy,Harry,4
gloomy,Severus Snape,8
glossy,Armando Dippet,3
glossy,Dumbledore,8
glossy,Harry,3
glossy,Ron,6
gormless,Harry,9
gormless,Ron,3
gormless,face,6
grace,Harry,3
grace,Lupin,7
grace,Mr. Weasley,4
grace,Ron,6
grim,Dumbledore,4
grim,Hall,8
grim,Harry,31
grim,Harry Potter,4
grim,able,8
grim,black,4
group,Albert,8
group,Cho,3
group,Dumbledore,12
group,Fenrir,5
group,Firenze,4
group,Ginny,4
group,Hall,4
group,Harry,54
group,Harry Potter,4
group,Hermione,3
group,James,4
group,Lily,12
group,Magic,2
group,Ron,31
group,Snape,11
group,Teddy,4
hall,Albus,8
hall,Bill,8
hall,Black,12
hall,DOBBY,4
hall,Dean,4
hall,Dedalus,4
hall,Dolores Umbridge,12
hall,Fleur,8
hall,Flitwick,12
hall,HAGRID,8
hall,HARRY,3
hall,Hagrid,6
hall,Hall,16
hall,Harry,159
hall,Harry Potter,44
hall,Hermione,50
hall,James,6
hall,Kreacher,4
hall,Lily,3
hall,Mark,4
hall,NICK,8
hall,Nagini,8
hall,Narcissa,4
hall,Neville,12
hall,Quirrell,8
hall,Regulus,3
hall,Severus Snape,6
hall,Sirius,9
hall,Tom,3
hall,Travers,8
hall,Uncle,10
hall,Voldemort,4
hall,Zacharias Smith,4
hall,ball,6
hall,black,4
hall,day,7
hall,face,8
hall,gloomy,4
hall,nick,4
hall,rose,4
hall,scarlet,4
handsome,Dumbledore,6
handsome,Harry,36
handsome,Harry Potter,8
handsome,Hermione,6
handsome,James,3
handsome,Lupin,3
handsome,Regulus,3
handsome,Sirius,3
handsome,Snape,8
handsome,Tom Riddle,12
handsome,black,8
handsome,face,3
handsome,tall,8
heady,Bellatrix,3
heady,Harry Potter,3
heady,Ron,4
heather,Ron,4
heather,face,17
heliotrope,Harry,6
heliotrope,Mafalda,3
holly,Dumbledore,3
holly,Harry,8
holly,Hermione,9
holly,Ignotus,3
holly,Ron,3
holly,Voldemort,9
hope,Aberforth,6
hope,Arkie,3
hope,Bathilda,3
hope,Dawn,8
hope,Dobby,12
hope,Dudley,3
hope,Dumbledore,16
hope,Fleur,3
hope,Fred,3
hope,Ginny,3
hope,Grawp,3
hope,Griphook,3
hope,Hagrid,3
hope,Harry,45
hope,Harry Potter,38
hope,Hermione,42
hope,Hestia,8
hope,Lord,9
hope,Lupin,16
hope,Malfoy,12
hope,Rita,3
hope,Ron,39
hope,Scabior,3
hope,Severus,3
hope,Snape,18
hope,Umbridge,6
hope,Vernon Dursley,8
hope,Voldemort,8
hope,ancient,3
hope,black,3
hope,day,12
hope,face,6
hope,forest,16
hope,hall,2
hope,stunned,3
ice,Dumbledore,4
ice,Harry,6
ice,Harry Potter,27
ice,Hedwig,4
ice,Hermione,9
ice,Lupin,10
ice,Nagini,3
ice,black,3
ice,forest,4
iris,Harry,8
iris,magic,4
ivy,Hermione,6
ivy,James,4
kit,Hagrid,3
kit,Harry,3
kit,uncle,2
lady,Apolline,6
lady,Harry,9
lady,Hermione,16
lady,Ron,3
lavender,Dobby,4
lavender,Griphook,4
lavender,Harry,4
magic,Aberforth,6
magic,Alastor Moody,3
magic,Albus,4
magic,Ariana,20
magic,Bill,12
magic,Cedric,8
magic,Charity,4
magic,Dudley,3
magic,Dumbledore,47
magic,Fleur,4
magic,Fred,8
magic,Ginny,4
magic,Griphook,4
magic,Harry,91
magic,Harry Potter,61
magic,Hermione,43
magic,Hestia,8
magic,Kreacher,8
magic,Lord,4
magic,Lucius,3
magic,Luna,20
magic,Lupin,11
magic,Magic,3
magic,McGonagall,2
magic,Mr. Weasley,11
magic,Petunia,2
magic,Pius,3
magic,Ron,40
magic,Snape,28
magic,Voldemort,32
magic,able,31
magic,brothers,8
magic,clever,4
magic,evil,4
magic,face,20
magic,forest,8
magic,miles,6
mark,Ariana,3
mark,DOBBY,3
mark,Dumbledore,17
mark,Godric,6
mark,Harry,16
mark,Harry Potter,14
mark,Hermione,19
mark,Ignotus Peverell,8
mark,Kreacher,16
mark,Magic,1
mark,Ron,9
mark,Viktor,12
mark,Viktor Krum,3
mark,brothers,8
mark,hall,3
mark,scarlet,3
marsh,Hermione,6
marsh,Phineas,4
mercy,Dumbledore,4
mercy,Harry,23
mercy,Harry Potter,4
mercy,Ron,4
mercy,Snape,8
mercy,Voldemort,9
miles,Harry,8
miles,Ron,15
miles,able,4
miles,magic,4
newspaper,Albus,8
newspaper,Amycus,4
newspaper,Bathilda,3
newspaper,Black,8
newspaper,Dumbledore,12
newspaper,Harry,31
newspaper,Hermione,9
newspaper,Kreacher,7
newspaper,Lupin,4
newspaper,McGonagall,4
newspaper,Mundungus,8
newspaper,Percival,4
newspaper,Rita Skeeter,3
newspaper,SEVERUS SNAPE,12
newspaper,Snape,8
newspaper,black,3
nick,Dumbledore,4
nick,Harry,8
parry,Seamus,8
parry,Voldemort,4
peacock,Lucius,6
pike,Hermione,6
pike,Ron,4
pumpkin,Bill,8
pumpkin,Harry,12
pumpkin,Luna,4
pumpkin,Ron,4
pumpkin,able,8
rancorous,Griphook,4
rancorous,Harry,4
rich,Hermione,3
rich,Xenophilius,4
rob,Hagrid,12
rose,Alecto,4
rose,Amycus,4
rose,Crabbe,8
rose,Dumbledore,5
rose,Flitwick,4
rose,Hagrid,9
rose,Hall,12
rose,Harry,58
rose,Harry Potter,3
rose,Hermione,34
rose,Lily,3
rose,Lucius,6
rose,Luna,9
rose,Magic,8
rose,Muriel,3
rose,Pansy Parkinson,6
rose,Regulus,3
rose,Severus Snape,3
rose,Sirius,3
rose,Snape,3
rose,Voldemort,37
rose,black,2
rose,dawn,3
rose,day,6
rose,face,12
rose,forest,3
rose,hall,3
rose,newspaper,4
rose,pumpkin,6
ruby,Godric Gryffindor,4
ruby,Harry,4
ruby,Harry Potter,3
ruby,Ron,4
scarlet,Albus,15
scarlet,Dobby,6
scarlet,Dumbledore,4
scarlet,Fred,3
scarlet,Ginny,6
scarlet,Hagrid,3
scarlet,Harry,30
scarlet,Harry Potter,8
scarlet,Hedwig,3
scarlet,Hermione,7
scarlet,Lily,3
scarlet,Lupin,3
scarlet,Malfoy,12
scarlet,Neville,2
scarlet,Petunia,17
scarlet,Ron,18
scarlet,Sirius,4
scarlet,Snape,6
scarlet,Tom Riddle,8
scarlet,black,10
scarlet,day,9
scarlet,face,4
scarlet,hall,3
scarlet,handsome,12
stubby,Alecto Carrow,4
stubby,Harry,8
stubby,Hermione,4
stubby,Mark,4
stubby,SEVERUS SNAPE,4
stunned,Dudley,4
stunned,Harry,6
stunned,Hestia,4
stunned,Ron,10
stunned,able,3
stunned,black,5
stunned,face,4
tall,Harry,26
tall,Harry Potter,6
tall,Hermione,47
tall,Lestrange,4
tall,Luna,6
tall,Malfoy,4
tall,Mr. Weasley,4
tall,Nick,6
tall,Ron,3
tall,Sirius,6
tall,Travers,4
tall,Voldemort,6
tall,black,5
tall,day,3
tall,face,6
tall,grace,8
tall,magic,3
trolley,Albus,7
trolley,Harry,4
trolley,James,6
trolley,Ron,4
trolley,Teddy,8
trolley,scarlet,4
uncle,Albus Dumbledore,3
uncle,Charlie,3
uncle,Dedalus,4
uncle,Dudley,4
uncle,Dumbledore,12
uncle,Hagrid,6
uncle,Harry,55
uncle,Hedwig,3
uncle,Vernon,34
uncle,Voldemort,8
uncle,able,4
uncle,aged,8
uncle,day,8
violet,Albert,8
violet,Ron,3
wee,Fred,3
wee,Peeves,6
